date,AGG,IEF,IWM,QQQ,SPY,VIG,VNQ
2020-04-01,0.14285714285714285,0.14285714285714285,0.14285714285714285,0.14285714285714285,0.14285714285714285,0.14285714285714285,0.14285714285714285
2020-04-08,0.09581697732210159,0.2604575753211975,0.09581697732210159,0.2604575753211975,0.09581697732210159,0.09581697732210159,0.09581697732210159
2020-04-16,0.09581697732210159,0.2604575753211975,0.09581697732210159,0.2604575753211975,0.09581697732210159,0.09581697732210159,0.09581697732210159
2020-04-23,0.09581697732210159,0.2604575753211975,0.09581697732210159,0.2604575753211975,0.09581697732210159,0.09581697732210159,0.09581697732210159
2020-04-30,0.09581697732210159,0.2604575753211975,0.09581697732210159,0.2604575753211975,0.09581697732210159,0.09581697732210159,0.09581697732210159
2020-05-07,0.09581697732210159,0.2604575753211975,0.09581697732210159,0.2604575753211975,0.09581697732210159,0.09581697732210159,0.09581697732210159
2020-05-14,0.09581697732210159,0.2604575753211975,0.09581697732210159,0.2604575753211975,0.09581697732210159,0.09581697732210159,0.09581697732210159
2020-05-21,0.09581697732210159,0.2604575753211975,0.09581697732210159,0.2604575753211975,0.09581697732210159,0.09581697732210159,0.09581697732210159
2020-05-29,0.09581697732210159,0.2604575753211975,0.09581697732210159,0.2604575753211975,0.09581697732210159,0.09581697732210159,0.09581697732210159
2020-06-05,0.09581697732210159,0.2604575753211975,0.09581697732210159,0.2604575753211975,0.09581697732210159,0.09581697732210159,0.09581697732210159
2020-06-12,0.0958169624209404,0.26045751571655273,0.0958169624209404,0.26045751571655273,0.0958169624209404,0.0958169624209404,0.09581711143255234
2020-06-19,0.09581697732210159,0.2604575753211975,0.09581697732210159,0.2604575753211975,0.09581697732210159,0.09581697732210159,0.09581697732210159
2020-06-26,0.09581675380468369,0.26045694947242737,0.09581675380468369,0.26045694947242737,0.09581675380468369,0.09581675380468369,0.09581908583641052
2020-07-06,0.09581697732210159,0.2604575753211975,0.09581697732210159,0.2604575753211975,0.09581697732210159,0.09581697732210159,0.09581697732210159
2020-07-13,0.09581697732210159,0.2604575753211975,0.09581697732210159,0.2604575753211975,0.09581697732210159,0.09581697732210159,0.09581697732210159
2020-07-20,0.09581697732210159,0.2604575753211975,0.09581697732210159,0.2604575753211975,0.09581697732210159,0.09581697732210159,0.09581697732210159
2020-07-27,0.09581697732210159,0.2604575753211975,0.09581697732210159,0.2604575753211975,0.09581697732210159,0.09581697732210159,0.09581697732210159
2020-08-03,0.09581697732210159,0.2604575753211975,0.09581697732210159,0.2604575753211975,0.09581697732210159,0.09581697732210159,0.09581697732210159
2020-08-10,0.09546778351068497,0.259508341550827,0.09546778351068497,0.259508341550827,0.09546778351068497,0.09546778351068497,0.09911222755908966
2020-08-17,0.0842515304684639,0.2290194183588028,0.0842515304684639,0.2290194183588028,0.0842515304684639,0.0842515304684639,0.20495513081550598
2020-08-24,0.0822717621922493,0.22363784909248352,0.0822717621922493,0.22363784909248352,0.0822717621922493,0.0822717621922493,0.22363726794719696
2020-08-31,0.08227171748876572,0.22363772988319397,0.08227171748876572,0.22363772988319397,0.08227171748876572,0.08227171748876572,0.22363772988319397
2020-09-08,0.08227171748876572,0.22363772988319397,0.08227171748876572,0.22363772988319397,0.08227171748876572,0.08227171748876572,0.22363772988319397
2020-09-15,0.09581471979618073,0.26045143604278564,0.09581471979618073,0.26045143604278564,0.09581471979618073,0.09581471979618073,0.0958382859826088
2020-09-22,0.08227171748876572,0.22363772988319397,0.08227171748876572,0.22363772988319397,0.08227171748876572,0.08227171748876572,0.22363772988319397
2020-09-29,0.09529247134923935,0.25903183221817017,0.09529247134923935,0.25903183221817017,0.09529247134923935,0.09529247134923935,0.10076650232076645
2020-10-06,0.08236443251371384,0.22388975322246552,0.08236443251371384,0.22388975322246552,0.08236443251371384,0.08236443251371384,0.2227628082036972
2020-10-13,0.09226299822330475,0.2507968544960022,0.09226299822330475,0.2507968544960022,0.09226299822330475,0.09226299822330475,0.129354327917099
2020-10-20,0.08227171748876572,0.22363772988319397,0.08227171748876572,0.22363772988319397,0.08227171748876572,0.08227171748876572,0.22363772988319397
2020-10-27,0.08227171748876572,0.22363772988319397,0.08227171748876572,0.22363772988319397,0.08227171748876572,0.08227171748876572,0.22363772988319397
2020-11-03,0.08227171748876572,0.22363772988319397,0.08227171748876572,0.22363772988319397,0.08227171748876572,0.08227171748876572,0.22363772988319397
2020-11-10,0.08235053718090057,0.2238519936800003,0.08235053718090057,0.2238519936800003,0.08235053718090057,0.08235053718090057,0.22289392352104187
2020-11-17,0.08227171748876572,0.22363772988319397,0.08227171748876572,0.22363772988319397,0.08227171748876572,0.08227171748876572,0.22363772988319397
2020-11-24,0.08227171748876572,0.22363772988319397,0.08227171748876572,0.22363772988319397,0.08227171748876572,0.08227171748876572,0.22363772988319397
2020-12-02,0.08227171748876572,0.22363772988319397,0.08227171748876572,0.22363772988319397,0.08227171748876572,0.08227171748876572,0.22363772988319397
2020-12-09,0.08227171748876572,0.22363772988319397,0.08227171748876572,0.22363772988319397,0.08227171748876572,0.08227171748876572,0.22363772988319397
2020-12-16,0.08227171748876572,0.22363772988319397,0.08227171748876572,0.22363772988319397,0.08227171748876572,0.08227171748876572,0.22363772988319397
2020-12-23,0.08227171748876572,0.22363772988319397,0.08227171748876572,0.22363772988319397,0.08227171748876572,0.08227171748876572,0.22363772988319397
2020-12-31,0.08227171748876572,0.22363772988319397,0.08227171748876572,0.22363772988319397,0.08227171748876572,0.08227171748876572,0.22363772988319397
2021-01-08,0.08227171748876572,0.22363772988319397,0.08227171748876572,0.22363772988319397,0.08227171748876572,0.08227171748876572,0.22363772988319397
2021-01-15,0.08227171748876572,0.22363772988319397,0.08227171748876572,0.22363772988319397,0.08227171748876572,0.08227171748876572,0.22363772988319397
2021-01-25,0.08227171748876572,0.22363772988319397,0.08227171748876572,0.22363772988319397,0.08227171748876572,0.08227171748876572,0.22363772988319397
2021-02-01,0.08227171748876572,0.22363772988319397,0.08227171748876572,0.22363772988319397,0.08227171748876572,0.08227171748876572,0.22363772988319397
2021-02-08,0.08227171748876572,0.22363772988319397,0.08227171748876572,0.22363772988319397,0.08227171748876572,0.08227171748876572,0.22363772988319397
2021-02-16,0.08227171748876572,0.22363772988319397,0.08227171748876572,0.22363772988319397,0.08227171748876572,0.08227171748876572,0.22363772988319397
2021-02-23,0.08227171748876572,0.22363772988319397,0.08227171748876572,0.22363772988319397,0.08227171748876572,0.08227171748876572,0.22363772988319397
2021-03-02,0.08227171748876572,0.22363772988319397,0.08227171748876572,0.22363772988319397,0.08227171748876572,0.08227171748876572,0.22363772988319397
2021-03-09,0.08227171748876572,0.22363772988319397,0.08227171748876572,0.22363772988319397,0.08227171748876572,0.08227171748876572,0.22363772988319397
2021-03-16,0.08227171748876572,0.22363772988319397,0.08227171748876572,0.22363772988319397,0.08227171748876572,0.08227171748876572,0.22363772988319397
2021-03-23,0.08227171748876572,0.22363772988319397,0.08227171748876572,0.22363772988319397,0.08227171748876572,0.08227171748876572,0.22363772988319397
2021-03-30,0.08227171748876572,0.22363772988319397,0.08227171748876572,0.22363772988319397,0.08227171748876572,0.08227171748876572,0.22363772988319397
2021-04-07,0.08227171748876572,0.22363772988319397,0.08227171748876572,0.22363772988319397,0.08227171748876572,0.08227171748876572,0.22363772988319397
2021-04-14,0.08227171748876572,0.22363772988319397,0.08227171748876572,0.22363772988319397,0.08227171748876572,0.08227171748876572,0.22363772988319397
2021-04-21,0.08227171748876572,0.22363772988319397,0.08227171748876572,0.22363772988319397,0.08227171748876572,0.08227171748876572,0.22363772988319397
2021-04-28,0.08227171748876572,0.22363772988319397,0.08227171748876572,0.22363772988319397,0.08227171748876572,0.08227171748876572,0.22363772988319397
2021-05-05,0.08227171748876572,0.22363772988319397,0.08227171748876572,0.22363772988319397,0.08227171748876572,0.08227171748876572,0.22363772988319397
2021-05-12,0.08227171748876572,0.22363772988319397,0.08227171748876572,0.22363772988319397,0.08227171748876572,0.08227171748876572,0.22363772988319397
2021-05-19,0.08227171748876572,0.22363772988319397,0.08227171748876572,0.22363772988319397,0.08227171748876572,0.08227171748876572,0.22363772988319397
2021-05-26,0.08227171748876572,0.22363772988319397,0.08227171748876572,0.22363772988319397,0.08227171748876572,0.08227171748876572,0.22363772988319397
2021-06-03,0.08227171748876572,0.22363772988319397,0.08227171748876572,0.22363772988319397,0.08227171748876572,0.08227171748876572,0.22363772988319397
2021-06-10,0.08227171748876572,0.22363772988319397,0.08227171748876572,0.22363772988319397,0.08227171748876572,0.08227171748876572,0.22363772988319397
2021-06-17,0.08227171748876572,0.22363772988319397,0.08227171748876572,0.22363772988319397,0.08227171748876572,0.08227171748876572,0.22363772988319397
2021-06-24,0.08227171748876572,0.22363772988319397,0.08227171748876572,0.22363772988319397,0.08227171748876572,0.08227171748876572,0.22363772988319397
2021-07-01,0.08227171748876572,0.22363772988319397,0.08227171748876572,0.22363772988319397,0.08227171748876572,0.08227171748876572,0.22363772988319397
2021-07-09,0.08227171748876572,0.22363772988319397,0.08227171748876572,0.22363772988319397,0.08227171748876572,0.08227171748876572,0.22363772988319397
2021-07-16,0.08227171748876572,0.22363772988319397,0.08227171748876572,0.22363772988319397,0.08227171748876572,0.08227171748876572,0.22363772988319397
2021-07-23,0.08227171748876572,0.22363772988319397,0.08227171748876572,0.22363772988319397,0.08227171748876572,0.08227171748876572,0.22363772988319397
2021-07-30,0.08227171748876572,0.22363772988319397,0.08227171748876572,0.22363772988319397,0.08227171748876572,0.08227171748876572,0.22363772988319397
2021-08-06,0.08227171748876572,0.22363772988319397,0.08227171748876572,0.22363772988319397,0.08227171748876572,0.08227171748876572,0.22363772988319397
2021-08-13,0.08227171748876572,0.22363772988319397,0.08227171748876572,0.22363772988319397,0.08227171748876572,0.08227171748876572,0.22363772988319397
2021-08-20,0.08227171748876572,0.22363772988319397,0.08227171748876572,0.22363772988319397,0.08227171748876572,0.08227171748876572,0.22363772988319397
2021-08-27,0.08227171748876572,0.22363772988319397,0.08227171748876572,0.22363772988319397,0.08227171748876572,0.08227171748876572,0.22363772988319397
2021-09-03,0.08227171748876572,0.22363772988319397,0.08227171748876572,0.22363772988319397,0.08227171748876572,0.08227171748876572,0.22363772988319397
2021-09-13,0.08227171748876572,0.22363772988319397,0.08227171748876572,0.22363772988319397,0.08227171748876572,0.08227171748876572,0.22363772988319397
2021-09-20,0.08227171748876572,0.22363772988319397,0.08227171748876572,0.22363772988319397,0.08227171748876572,0.08227171748876572,0.22363772988319397
2021-09-27,0.08227171748876572,0.22363772988319397,0.08227171748876572,0.22363772988319397,0.08227171748876572,0.08227171748876572,0.22363772988319397
2021-10-04,0.08227171748876572,0.22363772988319397,0.08227171748876572,0.22363772988319397,0.08227171748876572,0.08227171748876572,0.22363772988319397
2021-10-11,0.08227171748876572,0.22363772988319397,0.08227171748876572,0.22363772988319397,0.08227171748876572,0.08227171748876572,0.22363772988319397
2021-10-18,0.08227171748876572,0.22363772988319397,0.08227171748876572,0.22363772988319397,0.08227171748876572,0.08227171748876572,0.22363772988319397
2021-10-25,0.08227171748876572,0.22363772988319397,0.08227171748876572,0.22363772988319397,0.08227171748876572,0.08227171748876572,0.22363772988319397
2021-11-01,0.08227171748876572,0.22363772988319397,0.08227171748876572,0.22363772988319397,0.08227171748876572,0.08227171748876572,0.22363772988319397
2021-11-08,0.08227171748876572,0.22363772988319397,0.08227171748876572,0.22363772988319397,0.08227171748876572,0.08227171748876572,0.22363772988319397
2021-11-15,0.08227171748876572,0.22363772988319397,0.08227171748876572,0.22363772988319397,0.08227171748876572,0.08227171748876572,0.22363772988319397
2021-11-22,0.08227171748876572,0.22363772988319397,0.08227171748876572,0.22363772988319397,0.08227171748876572,0.08227171748876572,0.22363772988319397
2021-11-30,0.08227171748876572,0.22363772988319397,0.08227171748876572,0.22363772988319397,0.08227171748876572,0.08227171748876572,0.22363772988319397
2021-12-07,0.08227171748876572,0.22363772988319397,0.08227171748876572,0.22363772988319397,0.08227171748876572,0.08227171748876572,0.22363772988319397
2021-12-14,0.08227171748876572,0.22363772988319397,0.08227171748876572,0.22363772988319397,0.08227171748876572,0.08227171748876572,0.22363772988319397
2021-12-21,0.08227171748876572,0.22363772988319397,0.08227171748876572,0.22363772988319397,0.08227171748876572,0.08227171748876572,0.22363772988319397
2021-12-29,0.08227171748876572,0.22363772988319397,0.08227171748876572,0.22363772988319397,0.08227171748876572,0.08227171748876572,0.22363772988319397
2022-01-05,0.08227171748876572,0.22363772988319397,0.08227171748876572,0.22363772988319397,0.08227171748876572,0.08227171748876572,0.22363772988319397
2022-01-12,0.08227171748876572,0.22363772988319397,0.08227171748876572,0.22363772988319397,0.08227171748876572,0.08227171748876572,0.22363772988319397
2022-01-20,0.08227171748876572,0.22363772988319397,0.08227171748876572,0.22363772988319397,0.08227171748876572,0.08227171748876572,0.22363772988319397
2022-01-27,0.08227171748876572,0.22363772988319397,0.08227171748876572,0.22363772988319397,0.08227171748876572,0.08227171748876572,0.22363772988319397
2022-02-03,0.08227171748876572,0.22363772988319397,0.08227171748876572,0.22363772988319397,0.08227171748876572,0.08227171748876572,0.22363772988319397
2022-02-10,0.08227171748876572,0.22363772988319397,0.08227171748876572,0.22363772988319397,0.08227171748876572,0.08227171748876572,0.22363772988319397
2022-02-17,0.08227171748876572,0.22363772988319397,0.08227171748876572,0.22363772988319397,0.08227171748876572,0.08227171748876572,0.22363772988319397
2022-02-25,0.08227171748876572,0.22363772988319397,0.08227171748876572,0.22363772988319397,0.08227171748876572,0.08227171748876572,0.22363772988319397
2022-03-04,0.08227171748876572,0.22363772988319397,0.08227171748876572,0.22363772988319397,0.08227171748876572,0.08227171748876572,0.22363772988319397
2022-03-11,0.08227171748876572,0.22363772988319397,0.08227171748876572,0.22363772988319397,0.08227171748876572,0.08227171748876572,0.22363772988319397
2022-03-18,0.08227171748876572,0.22363772988319397,0.08227171748876572,0.22363772988319397,0.08227171748876572,0.08227171748876572,0.22363772988319397
2022-03-25,0.08227171748876572,0.22363772988319397,0.08227171748876572,0.22363772988319397,0.08227171748876572,0.08227171748876572,0.22363772988319397
2022-04-01,0.08227171748876572,0.22363772988319397,0.08227171748876572,0.22363772988319397,0.08227171748876572,0.08227171748876572,0.22363772988319397
2022-04-08,0.08227171748876572,0.22363772988319397,0.08227171748876572,0.22363772988319397,0.08227171748876572,0.08227171748876572,0.22363772988319397
2022-04-18,0.08227171748876572,0.22363772988319397,0.08227171748876572,0.22363772988319397,0.08227171748876572,0.08227171748876572,0.22363772988319397
2022-04-25,0.08227171748876572,0.22363772988319397,0.08227171748876572,0.22363772988319397,0.08227171748876572,0.08227171748876572,0.22363772988319397
2022-05-02,0.08227171748876572,0.22363772988319397,0.08227171748876572,0.22363772988319397,0.08227171748876572,0.08227171748876572,0.22363772988319397
2022-05-09,0.08227171748876572,0.22363772988319397,0.08227171748876572,0.22363772988319397,0.08227171748876572,0.08227171748876572,0.22363772988319397
2022-05-16,0.09581655263900757,0.2604564130306244,0.09581655263900757,0.2604564130306244,0.09581655263900757,0.09581655263900757,0.09582099318504333
2022-05-23,0.09577541798353195,0.26034459471702576,0.09577541798353195,0.26034459471702576,0.09577541798353195,0.09577541798353195,0.09620920568704605
2022-05-31,0.0958169475197792,0.26045748591423035,0.0958169475197792,0.26045748591423035,0.0958169475197792,0.0958169475197792,0.09581727534532547
2022-06-07,0.08227171748876572,0.22363772988319397,0.08227171748876572,0.22363772988319397,0.08227171748876572,0.08227171748876572,0.22363772988319397
2022-06-14,0.08227171748876572,0.22363772988319397,0.08227171748876572,0.22363772988319397,0.08227171748876572,0.08227171748876572,0.22363772988319397
2022-06-22,0.09581697732210159,0.2604575753211975,0.09581697732210159,0.2604575753211975,0.09581697732210159,0.09581697732210159,0.09581697732210159
2022-06-29,0.09581697732210159,0.2604575753211975,0.09581697732210159,0.2604575753211975,0.09581697732210159,0.09581697732210159,0.09581697732210159
2022-07-07,0.09581697732210159,0.2604575753211975,0.09581697732210159,0.2604575753211975,0.09581697732210159,0.09581697732210159,0.09581697732210159
2022-07-14,0.09581697732210159,0.2604575753211975,0.09581697732210159,0.2604575753211975,0.09581697732210159,0.09581697732210159,0.09581697732210159
2022-07-21,0.09581697732210159,0.2604575753211975,0.09581697732210159,0.2604575753211975,0.09581697732210159,0.09581697732210159,0.09581697732210159
2022-07-28,0.09291858226060867,0.2525789141654968,0.09291858226060867,0.2525789141654968,0.09291858226060867,0.09291858226060867,0.12316785007715225
2022-08-04,0.08227179944515228,0.22363795340061188,0.08227179944515228,0.22363795340061188,0.08227179944515228,0.08227179944515228,0.2236369103193283
2022-08-11,0.08227171748876572,0.22363772988319397,0.08227171748876572,0.22363772988319397,0.08227171748876572,0.08227171748876572,0.22363772988319397
2022-08-18,0.08227171748876572,0.22363772988319397,0.08227171748876572,0.22363772988319397,0.08227171748876572,0.08227171748876572,0.22363772988319397
2022-08-25,0.08227171748876572,0.22363772988319397,0.08227171748876572,0.22363772988319397,0.08227171748876572,0.08227171748876572,0.22363772988319397
2022-09-01,0.08227171748876572,0.22363772988319397,0.08227171748876572,0.22363772988319397,0.08227171748876572,0.08227171748876572,0.22363772988319397
2022-09-09,0.09581697732210159,0.2604575753211975,0.09581697732210159,0.2604575753211975,0.09581697732210159,0.09581697732210159,0.09581702947616577
2022-09-16,0.08227172493934631,0.22363774478435516,0.08227172493934631,0.22363774478435516,0.08227172493934631,0.08227172493934631,0.2236376851797104
2022-09-23,0.09581697732210159,0.2604575753211975,0.09581697732210159,0.2604575753211975,0.09581697732210159,0.09581697732210159,0.09581697732210159
2022-09-30,0.09581697732210159,0.2604575753211975,0.09581697732210159,0.2604575753211975,0.09581697732210159,0.09581697732210159,0.09581697732210159
2022-10-07,0.09581697732210159,0.2604575753211975,0.09581697732210159,0.2604575753211975,0.09581697732210159,0.09581697732210159,0.09581697732210159
2022-10-14,0.09581697732210159,0.2604575753211975,0.09581697732210159,0.2604575753211975,0.09581697732210159,0.09581697732210159,0.09581697732210159
2022-10-21,0.09581697732210159,0.2604575753211975,0.09581697732210159,0.2604575753211975,0.09581697732210159,0.09581697732210159,0.09581697732210159
2022-10-28,0.09581697732210159,0.2604575753211975,0.09581697732210159,0.2604575753211975,0.09581697732210159,0.09581697732210159,0.09581697732210159
2022-11-04,0.09581697732210159,0.2604575753211975,0.09581697732210159,0.2604575753211975,0.09581697732210159,0.09581697732210159,0.09581697732210159
2022-11-11,0.09581697732210159,0.2604575753211975,0.09581697732210159,0.2604575753211975,0.09581697732210159,0.09581697732210159,0.09581697732210159
2022-11-18,0.09581697732210159,0.2604575753211975,0.09581697732210159,0.2604575753211975,0.09581697732210159,0.09581697732210159,0.09581697732210159
2022-11-28,0.09581697732210159,0.2604575753211975,0.09581697732210159,0.2604575753211975,0.09581697732210159,0.09581697732210159,0.09581697732210159
2022-12-05,0.09581697732210159,0.2604575753211975,0.09581697732210159,0.2604575753211975,0.09581697732210159,0.09581697732210159,0.09581697732210159
2022-12-12,0.09581697732210159,0.2604575753211975,0.09581697732210159,0.2604575753211975,0.09581697732210159,0.09581697732210159,0.09581697732210159
2022-12-19,0.09581697732210159,0.2604575753211975,0.09581697732210159,0.2604575753211975,0.09581697732210159,0.09581697732210159,0.09581697732210159
2022-12-27,0.09581697732210159,0.2604575753211975,0.09581697732210159,0.2604575753211975,0.09581697732210159,0.09581697732210159,0.09581697732210159
2023-01-04,0.09581697732210159,0.2604575753211975,0.09581697732210159,0.2604575753211975,0.09581697732210159,0.09581697732210159,0.09581697732210159
2023-01-11,0.09581697732210159,0.2604575753211975,0.09581697732210159,0.2604575753211975,0.09581697732210159,0.09581697732210159,0.09581697732210159
2023-01-19,0.09581697732210159,0.2604575753211975,0.09581697732210159,0.2604575753211975,0.09581697732210159,0.09581697732210159,0.09581697732210159
2023-01-26,0.09581697732210159,0.2604575753211975,0.09581697732210159,0.2604575753211975,0.09581697732210159,0.09581697732210159,0.09581697732210159
2023-02-02,0.09581697732210159,0.2604575753211975,0.09581697732210159,0.2604575753211975,0.09581697732210159,0.09581697732210159,0.09581697732210159
2023-02-09,0.08227171748876572,0.22363772988319397,0.08227171748876572,0.22363772988319397,0.08227171748876572,0.08227171748876572,0.22363772988319397
2023-02-16,0.09581697732210159,0.2604575753211975,0.09581697732210159,0.2604575753211975,0.09581697732210159,0.09581697732210159,0.09581702947616577
2023-02-24,0.09581346064805984,0.26044800877571106,0.09581346064805984,0.26044800877571106,0.09581346064805984,0.09581346064805984,0.09585016220808029
2023-03-03,0.09581697732210159,0.2604575753211975,0.09581697732210159,0.2604575753211975,0.09581697732210159,0.09581697732210159,0.09581697732210159
2023-03-10,0.09581697732210159,0.2604575753211975,0.09581697732210159,0.2604575753211975,0.09581697732210159,0.09581697732210159,0.09581697732210159
2023-03-17,0.09581697732210159,0.2604575753211975,0.09581697732210159,0.2604575753211975,0.09581697732210159,0.09581697732210159,0.09581697732210159
2023-03-24,0.09581697732210159,0.2604575753211975,0.09581697732210159,0.2604575753211975,0.09581697732210159,0.09581697732210159,0.09581697732210159
2023-03-31,0.09581697732210159,0.2604575753211975,0.09581697732210159,0.2604575753211975,0.09581697732210159,0.09581697732210159,0.09581697732210159
2023-04-10,0.08227179199457169,0.2236379235982895,0.08227179199457169,0.2236379235982895,0.08227179199457169,0.08227179199457169,0.22363705933094025
2023-04-17,0.08906339108943939,0.24209941923618317,0.08906339108943939,0.24209941923618317,0.08906339108943939,0.08906339108943939,0.15954767167568207
2023-04-24,0.0823163390159607,0.2237590253353119,0.0823163390159607,0.2237590253353119,0.0823163390159607,0.0823163390159607,0.22321666777133942
2023-05-01,0.09225542098283768,0.2507762312889099,0.09225542098283768,0.2507762312889099,0.09225542098283768,0.09225542098283768,0.12942589819431305
2023-05-08,0.08227377384901047,0.22364333271980286,0.08227377384901047,0.22364333271980286,0.08227377384901047,0.08227377384901047,0.2236182540655136
2023-05-15,0.08227181434631348,0.22363799810409546,0.08227181434631348,0.22363799810409546,0.08227181434631348,0.08227181434631348,0.22363683581352234
2023-05-22,0.08227171748876572,0.22363772988319397,0.08227171748876572,0.22363772988319397,0.08227171748876572,0.08227171748876572,0.22363772988319397
2023-05-30,0.08227171748876572,0.22363772988319397,0.08227171748876572,0.22363772988319397,0.08227171748876572,0.08227171748876572,0.22363772988319397
2023-06-06,0.08227171748876572,0.22363772988319397,0.08227171748876572,0.22363772988319397,0.08227171748876572,0.08227171748876572,0.22363772988319397
2023-06-13,0.08227171748876572,0.22363772988319397,0.08227171748876572,0.22363772988319397,0.08227171748876572,0.08227171748876572,0.22363772988319397
2023-06-21,0.08227171748876572,0.22363772988319397,0.08227171748876572,0.22363772988319397,0.08227171748876572,0.08227171748876572,0.22363772988319397
2023-06-28,0.08227171748876572,0.22363772988319397,0.08227171748876572,0.22363772988319397,0.08227171748876572,0.08227171748876572,0.22363772988319397
2023-07-06,0.08227171748876572,0.22363772988319397,0.08227171748876572,0.22363772988319397,0.08227171748876572,0.08227171748876572,0.22363772988319397
2023-07-13,0.08227171748876572,0.22363772988319397,0.08227171748876572,0.22363772988319397,0.08227171748876572,0.08227171748876572,0.22363772988319397
2023-07-20,0.08227171748876572,0.22363772988319397,0.08227171748876572,0.22363772988319397,0.08227171748876572,0.08227171748876572,0.22363772988319397
2023-07-27,0.08227171748876572,0.22363772988319397,0.08227171748876572,0.22363772988319397,0.08227171748876572,0.08227171748876572,0.22363772988319397
2023-08-03,0.08227171748876572,0.22363772988319397,0.08227171748876572,0.22363772988319397,0.08227171748876572,0.08227171748876572,0.22363772988319397
2023-08-10,0.08227171748876572,0.22363772988319397,0.08227171748876572,0.22363772988319397,0.08227171748876572,0.08227171748876572,0.22363772988319397
2023-08-17,0.08227171748876572,0.22363772988319397,0.08227171748876572,0.22363772988319397,0.08227171748876572,0.08227171748876572,0.22363772988319397
2023-08-24,0.08227171748876572,0.22363772988319397,0.08227171748876572,0.22363772988319397,0.08227171748876572,0.08227171748876572,0.22363772988319397
2023-08-31,0.08227171748876572,0.22363772988319397,0.08227171748876572,0.22363772988319397,0.08227171748876572,0.08227171748876572,0.22363772988319397
2023-09-08,0.08227171748876572,0.22363772988319397,0.08227171748876572,0.22363772988319397,0.08227171748876572,0.08227171748876572,0.22363772988319397
2023-09-15,0.08227171748876572,0.22363772988319397,0.08227171748876572,0.22363772988319397,0.08227171748876572,0.08227171748876572,0.22363772988319397
2023-09-22,0.08227171748876572,0.22363772988319397,0.08227171748876572,0.22363772988319397,0.08227171748876572,0.08227171748876572,0.22363772988319397
2023-09-29,0.08227171748876572,0.22363772988319397,0.08227171748876572,0.22363772988319397,0.08227171748876572,0.08227171748876572,0.22363772988319397
2023-10-06,0.08227171748876572,0.22363772988319397,0.08227171748876572,0.22363772988319397,0.08227171748876572,0.08227171748876572,0.22363772988319397
2023-10-13,0.08227171748876572,0.22363772988319397,0.08227171748876572,0.22363772988319397,0.08227171748876572,0.08227171748876572,0.22363772988319397
2023-10-20,0.08227171748876572,0.22363772988319397,0.08227171748876572,0.22363772988319397,0.08227171748876572,0.08227171748876572,0.22363772988319397
2023-10-27,0.08227171748876572,0.22363772988319397,0.08227171748876572,0.22363772988319397,0.08227171748876572,0.08227171748876572,0.22363772988319397
2023-11-03,0.08227171748876572,0.22363772988319397,0.08227171748876572,0.22363772988319397,0.08227171748876572,0.08227171748876572,0.22363772988319397
2023-11-10,0.08227171748876572,0.22363772988319397,0.08227171748876572,0.22363772988319397,0.08227171748876572,0.08227171748876572,0.22363772988319397
2023-11-17,0.08227171748876572,0.22363772988319397,0.08227171748876572,0.22363772988319397,0.08227171748876572,0.08227171748876572,0.22363772988319397
2023-11-27,0.08227171748876572,0.22363772988319397,0.08227171748876572,0.22363772988319397,0.08227171748876572,0.08227171748876572,0.22363772988319397
2023-12-04,0.08227171748876572,0.22363772988319397,0.08227171748876572,0.22363772988319397,0.08227171748876572,0.08227171748876572,0.22363772988319397
2023-12-11,0.08227171748876572,0.22363772988319397,0.08227171748876572,0.22363772988319397,0.08227171748876572,0.08227171748876572,0.22363772988319397
2023-12-18,0.08227171748876572,0.22363772988319397,0.08227171748876572,0.22363772988319397,0.08227171748876572,0.08227171748876572,0.22363772988319397
2023-12-26,0.08227171748876572,0.22363772988319397,0.08227171748876572,0.22363772988319397,0.08227171748876572,0.08227171748876572,0.22363772988319397
2024-01-03,0.08227171748876572,0.22363772988319397,0.08227171748876572,0.22363772988319397,0.08227171748876572,0.08227171748876572,0.22363772988319397
2024-01-10,0.08227171748876572,0.22363772988319397,0.08227171748876572,0.22363772988319397,0.08227171748876572,0.08227171748876572,0.22363772988319397
2024-01-18,0.08227171748876572,0.22363772988319397,0.08227171748876572,0.22363772988319397,0.08227171748876572,0.08227171748876572,0.22363772988319397
2024-01-25,0.08227171748876572,0.22363772988319397,0.08227171748876572,0.22363772988319397,0.08227171748876572,0.08227171748876572,0.22363772988319397
2024-02-01,0.08227171748876572,0.22363772988319397,0.08227171748876572,0.22363772988319397,0.08227171748876572,0.08227171748876572,0.22363772988319397
2024-02-08,0.08227171748876572,0.22363772988319397,0.08227171748876572,0.22363772988319397,0.08227171748876572,0.08227171748876572,0.22363772988319397
2024-02-15,0.08227171748876572,0.22363772988319397,0.08227171748876572,0.22363772988319397,0.08227171748876572,0.08227171748876572,0.22363772988319397
2024-02-23,0.08227171748876572,0.22363772988319397,0.08227171748876572,0.22363772988319397,0.08227171748876572,0.08227171748876572,0.22363772988319397
2024-03-01,0.08227171748876572,0.22363772988319397,0.08227171748876572,0.22363772988319397,0.08227171748876572,0.08227171748876572,0.22363772988319397
2024-03-08,0.08227171748876572,0.22363772988319397,0.08227171748876572,0.22363772988319397,0.08227171748876572,0.08227171748876572,0.22363772988319397
2024-03-15,0.08227171748876572,0.22363772988319397,0.08227171748876572,0.22363772988319397,0.08227171748876572,0.08227171748876572,0.22363772988319397
2024-03-22,0.08227171748876572,0.22363772988319397,0.08227171748876572,0.22363772988319397,0.08227171748876572,0.08227171748876572,0.22363772988319397
