Date,Close_DGS10
2024-04-08,4.421
2024-04-07,4.414
2024-04-05,4.4
2024-04-04,4.307
2024-04-03,4.351
2024-04-02,4.353
2024-04-01,4.317
2024-03-29,4.21
2024-03-28,4.206
2024-03-27,4.188
2024-03-26,4.238
2024-03-25,4.249
2024-03-22,4.202
2024-03-21,4.269
2024-03-20,4.277
2024-03-19,4.293
2024-03-18,4.328
2024-03-15,4.308
2024-03-14,4.292
2024-03-13,4.188
2024-03-12,4.151
2024-03-11,4.098
2024-03-08,4.077
2024-03-07,4.089
2024-03-06,4.108
2024-03-05,4.151
2024-03-04,4.217
2024-03-01,4.186
2024-02-29,4.254
2024-02-28,4.266
2024-02-27,4.303
2024-02-26,4.281
2024-02-23,4.248
2024-02-22,4.331
2024-02-21,4.319
2024-02-20,4.275
2024-02-19,4.317
2024-02-18,4.296
2024-02-16,4.281
2024-02-15,4.234
2024-02-14,4.261
2024-02-13,4.326
2024-02-12,4.179
2024-02-09,4.177
2024-02-08,4.158
2024-02-07,4.115
2024-02-06,4.09
2024-02-05,4.162
2024-02-02,4.024
2024-02-01,3.882
2024-01-31,3.918
2024-01-30,4.036
2024-01-29,4.076
2024-01-26,4.139
2024-01-25,4.12
2024-01-24,4.18
2024-01-23,4.132
2024-01-22,4.107
2024-01-19,4.13
2024-01-18,4.142
2024-01-17,4.106
2024-01-16,4.054
2024-01-15,3.986
2024-01-14,3.968
2024-01-12,3.939
2024-01-11,3.975
2024-01-10,4.03
2024-01-09,4.015
2024-01-08,4.027
2024-01-05,4.051
2024-01-04,4.003
2024-01-03,3.92
2024-01-02,3.941
2024-01-01,3.898
2023-12-29,3.866
2023-12-28,3.846
2023-12-27,3.789
2023-12-26,3.897
2023-12-25,3.902
2023-12-22,3.901
2023-12-21,3.892
2023-12-20,3.853
2023-12-19,3.931
2023-12-18,3.935
2023-12-15,3.915
2023-12-14,3.921
2023-12-13,4.024
2023-12-12,4.21
2023-12-11,4.237
2023-12-08,4.229
2023-12-07,4.148
2023-12-06,4.114
2023-12-05,4.167
2023-12-04,4.259
2023-12-01,4.209
2023-11-30,4.33
2023-11-29,4.259
2023-11-28,4.325
2023-11-27,4.39
2023-11-24,4.472
2023-11-23,4.453
2023-11-22,4.408
2023-11-21,4.398
2023-11-20,4.426
2023-11-17,4.439
2023-11-16,4.441
2023-11-15,4.537
2023-11-14,4.453
2023-11-13,4.638
2023-11-10,4.646
2023-11-09,4.632
2023-11-08,4.492
2023-11-07,4.569
2023-11-06,4.647
2023-11-03,4.576
2023-11-02,4.661
2023-11-01,4.734
2023-10-31,4.926
2023-10-30,4.888
2023-10-27,4.845
2023-10-26,4.849
2023-10-25,4.961
2023-10-24,4.819
2023-10-23,4.848
2023-10-20,4.914
2023-10-19,4.99
2023-10-18,4.911
2023-10-17,4.836
2023-10-16,4.7
2023-10-13,4.616
2023-10-12,4.697
2023-10-11,4.558
2023-10-10,4.657
2023-10-09,4.628
2023-10-08,4.725
2023-10-06,4.795
2023-10-05,4.721
2023-10-04,4.735
2023-10-03,4.795
2023-10-02,4.685
2023-09-29,4.579
2023-09-28,4.579
2023-09-27,4.608
2023-09-26,4.55
2023-09-25,4.531
2023-09-22,4.438
2023-09-21,4.494
2023-09-20,4.399
2023-09-19,4.365
2023-09-18,4.303
2023-09-15,4.336
2023-09-14,4.286
2023-09-13,4.254
2023-09-12,4.28
2023-09-11,4.294
2023-09-08,4.26
2023-09-07,4.25
2023-09-06,4.296
2023-09-05,4.266
2023-09-04,4.206
2023-09-03,4.187
2023-09-01,4.181
2023-08-31,4.106
2023-08-30,4.112
2023-08-29,4.12
2023-08-28,4.206
2023-08-25,4.231
2023-08-24,4.241
2023-08-23,4.196
2023-08-22,4.332
2023-08-21,4.342
2023-08-18,4.251
2023-08-17,4.284
2023-08-16,4.258
2023-08-15,4.219
2023-08-14,4.201
2023-08-11,4.158
2023-08-10,4.107
2023-08-09,4.016
2023-08-08,4.028
2023-08-07,4.097
2023-08-04,4.042
2023-08-03,4.179
2023-08-02,4.09
2023-08-01,4.037
2023-07-31,3.967
2023-07-28,3.957
2023-07-27,4.002
2023-07-26,3.873
2023-07-25,3.89
2023-07-24,3.878
2023-07-21,3.837
2023-07-20,3.856
2023-07-19,3.748
2023-07-18,3.789
2023-07-17,3.809
2023-07-14,3.83
2023-07-13,3.767
2023-07-12,3.861
2023-07-11,3.978
2023-07-10,4
2023-07-07,4.066
2023-07-06,4.031
2023-07-05,3.934
2023-07-04,3.839
2023-07-03,3.858
2023-06-30,3.841
2023-06-29,3.842
2023-06-28,3.714
2023-06-27,3.772
2023-06-26,3.723
2023-06-23,3.737
2023-06-22,3.797
2023-06-21,3.727
2023-06-20,3.719
2023-06-19,3.822
2023-06-16,3.767
2023-06-15,3.72
2023-06-14,3.79
2023-06-13,3.827
2023-06-12,3.743
2023-06-09,3.743
2023-06-08,3.718
2023-06-07,3.793
2023-06-06,3.677
2023-06-05,3.689
2023-06-02,3.698
2023-06-01,3.601
2023-05-31,3.646
2023-05-30,3.694
2023-05-29,3.764
2023-05-28,3.819
2023-05-26,3.81
2023-05-25,3.823
2023-05-24,3.744
2023-05-23,3.698
2023-05-22,3.719
2023-05-19,3.682
2023-05-18,3.651
2023-05-17,3.572
2023-05-16,3.541
2023-05-15,3.507
2023-05-12,3.463
2023-05-11,3.386
2023-05-10,3.439
2023-05-09,3.522
2023-05-08,3.507
2023-05-05,3.435
2023-05-04,3.377
2023-05-03,3.364
2023-05-02,3.433
2023-05-01,3.57
2023-04-28,3.433
2023-04-27,3.528
2023-04-26,3.445
2023-04-25,3.4
2023-04-24,3.496
2023-04-21,3.568
2023-04-20,3.536
2023-04-19,3.591
2023-04-18,3.578
2023-04-17,3.606
2023-04-14,3.515
2023-04-13,3.449
2023-04-12,3.4
2023-04-11,3.432
2023-04-10,3.415
2023-04-07,3.413
2023-04-06,3.303
2023-04-05,3.309
2023-04-04,3.339
2023-04-03,3.415
2023-03-31,3.473
2023-03-30,3.547
2023-03-29,3.566
2023-03-28,3.572
2023-03-27,3.539
2023-03-24,3.372
2023-03-23,3.414
2023-03-22,3.451
2023-03-21,3.608
2023-03-20,3.483
2023-03-17,3.438
2023-03-16,3.579
2023-03-15,3.462
2023-03-14,3.685
2023-03-13,3.545
2023-03-10,3.704
2023-03-09,3.907
2023-03-08,3.989
2023-03-07,3.97
2023-03-06,3.964
2023-03-03,3.958
2023-03-02,4.062
2023-03-01,3.994
2023-02-28,3.928
2023-02-27,3.922
2023-02-24,3.947
2023-02-23,3.89
2023-02-22,3.927
2023-02-21,3.954
2023-02-20,3.851
2023-02-17,3.817
2023-02-16,3.863
2023-02-15,3.803
2023-02-14,3.753
2023-02-13,3.704
2023-02-10,3.743
2023-02-09,3.664
2023-02-08,3.615
2023-02-07,3.679
2023-02-06,3.644
2023-02-03,3.519
2023-02-02,3.402
2023-02-01,3.417
2023-01-31,3.51
2023-01-30,3.542
2023-01-27,3.507
2023-01-26,3.506
2023-01-25,3.451
2023-01-24,3.455
2023-01-23,3.521
2023-01-20,3.482
2023-01-19,3.399
2023-01-18,3.373
2023-01-17,3.549
2023-01-16,3.529
2023-01-13,3.498
2023-01-12,3.444
2023-01-11,3.543
2023-01-10,3.615
2023-01-09,3.527
2023-01-06,3.56
2023-01-05,3.722
2023-01-04,3.69
2023-01-03,3.752
2023-01-02,3.879
2022-12-30,3.879
2022-12-29,3.82
2022-12-28,3.886
2022-12-27,3.849
2022-12-26,3.743
2022-12-23,3.751
2022-12-22,3.686
2022-12-21,3.673
2022-12-20,3.692
2022-12-19,3.59
2022-12-16,3.488
2022-12-15,3.45
2022-12-14,3.479
2022-12-13,3.501
2022-12-12,3.617
2022-12-09,3.586
2022-12-08,3.489
2022-12-07,3.421
2022-12-06,3.531
2022-12-05,3.583
2022-12-02,3.492
2022-12-01,3.51
2022-11-30,3.611
2022-11-29,3.75
2022-11-28,3.679
2022-11-25,3.691
2022-11-24,3.661
2022-11-23,3.689
2022-11-22,3.758
2022-11-21,3.84
2022-11-18,3.829
2022-11-17,3.769
2022-11-16,3.69
2022-11-15,3.777
2022-11-14,3.863
2022-11-10,3.811
2022-11-09,4.099
2022-11-08,4.128
2022-11-07,4.218
2022-11-04,4.163
2022-11-03,4.149
2022-11-02,4.096
2022-11-01,4.048
2022-10-31,4.05
2022-10-28,4.01
2022-10-27,3.927
2022-10-26,4.007
2022-10-25,4.1
2022-10-24,4.247
2022-10-21,4.219
2022-10-20,4.233
2022-10-19,4.138
2022-10-18,4.007
2022-10-17,4.012
2022-10-14,4.023
2022-10-13,3.95
2022-10-12,3.902
2022-10-11,3.945
2022-10-10,3.955
2022-10-07,3.888
2022-10-06,3.828
2022-10-05,3.755
2022-10-04,3.635
2022-10-03,3.643
2022-09-30,3.829
2022-09-29,3.782
2022-09-28,3.737
2022-09-27,3.949
2022-09-26,3.928
2022-09-23,3.687
2022-09-22,3.71
2022-09-21,3.534
2022-09-20,3.569
2022-09-19,3.494
2022-09-16,3.455
2022-09-15,3.449
2022-09-14,3.404
2022-09-13,3.412
2022-09-12,3.358
2022-09-09,3.315
2022-09-08,3.323
2022-09-07,3.267
2022-09-06,3.351
2022-09-05,3.223
2022-09-02,3.195
2022-09-01,3.259
2022-08-31,3.196
2022-08-30,3.112
2022-08-29,3.114
2022-08-26,3.03
2022-08-25,3.031
2022-08-24,3.109
2022-08-23,3.057
2022-08-22,3.024
2022-08-19,2.976
2022-08-18,2.886
2022-08-17,2.902
2022-08-16,2.808
2022-08-15,2.793
2022-08-12,2.842
2022-08-11,2.889
2022-08-10,2.785
2022-08-09,2.779
2022-08-08,2.75
2022-08-05,2.827
2022-08-04,2.694
2022-08-03,2.706
2022-08-02,2.748
2022-08-01,2.588
2022-07-29,2.658
2022-07-28,2.671
2022-07-27,2.785
2022-07-26,2.803
2022-07-25,2.807
2022-07-22,2.754
2022-07-21,2.882
2022-07-20,3.03
2022-07-19,3.028
2022-07-18,2.989
2022-07-15,2.928
2022-07-14,2.958
2022-07-13,2.935
2022-07-12,2.971
2022-07-11,2.993
2022-07-08,3.08
2022-07-07,3
2022-07-06,2.934
2022-07-05,2.818
2022-07-04,2.932
2022-07-01,2.889
2022-06-30,3.017
2022-06-29,3.087
2022-06-28,3.177
2022-06-27,3.202
2022-06-24,3.138
2022-06-23,3.089
2022-06-22,3.16
2022-06-21,3.279
2022-06-20,3.277
2022-06-17,3.231
2022-06-16,3.195
2022-06-15,3.292
2022-06-14,3.479
2022-06-13,3.362
2022-06-10,3.165
2022-06-09,3.046
2022-06-08,3.027
2022-06-07,2.979
2022-06-06,3.04
2022-06-03,2.941
2022-06-02,2.913
2022-06-01,2.911
2022-05-31,2.849
2022-05-30,2.812
2022-05-27,2.743
2022-05-26,2.742
2022-05-25,2.751
2022-05-24,2.754
2022-05-23,2.861
2022-05-20,2.788
2022-05-19,2.837
2022-05-18,2.884
2022-05-17,2.995
2022-05-16,2.886
2022-05-13,2.928
2022-05-12,2.855
2022-05-11,2.925
2022-05-10,2.989
2022-05-09,3.034
2022-05-06,3.142
2022-05-05,3.035
2022-05-04,2.946
2022-05-03,2.979
2022-05-02,2.977
2022-04-29,2.938
2022-04-28,2.832
2022-04-27,2.826
2022-04-26,2.728
2022-04-25,2.818
2022-04-22,2.905
2022-04-21,2.908
2022-04-20,2.834
2022-04-19,2.94
2022-04-18,2.857
2022-04-14,2.828
2022-04-13,2.703
2022-04-12,2.727
2022-04-11,2.774
2022-04-08,2.704
2022-04-07,2.665
2022-04-06,2.598
2022-04-05,2.554
2022-04-04,2.393
2022-04-01,2.389
2022-03-31,2.345
2022-03-30,2.358
2022-03-29,2.398
2022-03-28,2.466
2022-03-25,2.488
2022-03-24,2.37
2022-03-23,2.29
2022-03-22,2.381
2022-03-21,2.297
2022-03-18,2.153
2022-03-17,2.167
2022-03-16,2.192
2022-03-15,2.149
2022-03-14,2.142
2022-03-11,1.997
2022-03-10,1.993
2022-03-09,1.951
2022-03-08,1.84
2022-03-07,1.777
2022-03-04,1.737
2022-03-03,1.84
2022-03-02,1.878
2022-03-01,1.716
2022-02-28,1.822
2022-02-25,1.97
2022-02-24,1.97
2022-02-23,1.998
2022-02-22,1.944
2022-02-21,1.873
2022-02-18,1.927
2022-02-17,1.968
2022-02-16,2.04
2022-02-15,2.043
2022-02-14,1.986
2022-02-11,1.918
2022-02-10,2.043
2022-02-09,1.945
2022-02-08,1.965
2022-02-07,1.919
2022-02-04,1.916
2022-02-03,1.836
2022-02-02,1.771
2022-02-01,1.795
2022-01-31,1.784
2022-01-28,1.778
2022-01-27,1.803
2022-01-26,1.873
2022-01-25,1.776
2022-01-24,1.776
2022-01-21,1.77
2022-01-20,1.811
2022-01-19,1.854
2022-01-18,1.875
2022-01-17,1.809
2022-01-14,1.793
2022-01-13,1.701
2022-01-12,1.752
2022-01-11,1.746
2022-01-10,1.755
2022-01-07,1.765
2022-01-06,1.728
2022-01-05,1.7
2022-01-04,1.649
2022-01-03,1.637
2021-12-31,1.512
2021-12-30,1.507
2021-12-29,1.556
2021-12-28,1.484
2021-12-27,1.477
2021-12-23,1.493
2021-12-22,1.453
2021-12-21,1.467
2021-12-20,1.428
2021-12-17,1.407
2021-12-16,1.424
2021-12-15,1.458
2021-12-14,1.441
2021-12-13,1.414
2021-12-10,1.482
2021-12-09,1.497
2021-12-08,1.528
2021-12-07,1.482
2021-12-06,1.433
2021-12-03,1.356
2021-12-02,1.444
2021-12-01,1.404
2021-11-30,1.456
2021-11-29,1.502
2021-11-26,1.482
2021-11-25,1.596
2021-11-24,1.643
2021-11-23,1.676
2021-11-22,1.632
2021-11-19,1.548
2021-11-18,1.587
2021-11-17,1.585
2021-11-16,1.64
2021-11-15,1.618
2021-11-12,1.57
2021-11-11,1.578
2021-11-10,1.57
2021-11-09,1.439
2021-11-08,1.493
2021-11-05,1.455
2021-11-04,1.53
2021-11-03,1.603
2021-11-02,1.547
2021-11-01,1.561
2021-10-29,1.561
2021-10-28,1.578
2021-10-27,1.55
2021-10-26,1.61
2021-10-25,1.633
2021-10-22,1.638
2021-10-21,1.696
2021-10-20,1.66
2021-10-19,1.641
2021-10-18,1.591
2021-10-15,1.574
2021-10-14,1.516
2021-10-13,1.542
2021-10-12,1.572
2021-10-11,1.628
2021-10-08,1.612
2021-10-07,1.576
2021-10-06,1.528
2021-10-05,1.528
2021-10-04,1.481
2021-10-01,1.465
2021-09-30,1.492
2021-09-29,1.524
2021-09-28,1.546
2021-09-27,1.491
2021-09-24,1.453
2021-09-23,1.435
2021-09-22,1.304
2021-09-21,1.328
2021-09-20,1.312
2021-09-17,1.363
2021-09-16,1.336
2021-09-15,1.304
2021-09-14,1.284
2021-09-13,1.326
2021-09-10,1.343
2021-09-09,1.297
2021-09-08,1.336
2021-09-07,1.377
2021-09-06,1.336
2021-09-03,1.326
2021-09-02,1.285
2021-09-01,1.299
2021-08-31,1.307
2021-08-30,1.28
2021-08-27,1.31
2021-08-26,1.354
2021-08-25,1.349
2021-08-24,1.297
2021-08-23,1.253
2021-08-20,1.255
2021-08-19,1.243
2021-08-18,1.26
2021-08-17,1.267
2021-08-16,1.268
2021-08-13,1.283
2021-08-12,1.361
2021-08-11,1.335
2021-08-10,1.354
2021-08-09,1.325
2021-08-06,1.305
2021-08-05,1.225
2021-08-04,1.18
2021-08-03,1.174
2021-08-02,1.179
2021-07-30,1.226
2021-07-29,1.266
2021-07-28,1.238
2021-07-27,1.239
2021-07-26,1.295
2021-07-23,1.281
2021-07-22,1.277
2021-07-21,1.292
2021-07-20,1.222
2021-07-19,1.199
2021-07-16,1.3
2021-07-15,1.301
2021-07-14,1.349
2021-07-13,1.418
2021-07-12,1.368
2021-07-09,1.361
2021-07-08,1.294
2021-07-07,1.323
2021-07-06,1.352
2021-07-05,1.436
2021-07-02,1.431
2021-07-01,1.459
2021-06-30,1.468
2021-06-29,1.475
2021-06-28,1.482
2021-06-25,1.524
2021-06-24,1.499
2021-06-23,1.485
2021-06-22,1.467
2021-06-21,1.497
2021-06-18,1.443
2021-06-17,1.511
2021-06-16,1.581
2021-06-15,1.489
2021-06-14,1.497
2021-06-11,1.454
2021-06-10,1.437
2021-06-09,1.492
2021-06-08,1.538
2021-06-07,1.569
2021-06-04,1.557
2021-06-03,1.625
2021-06-02,1.589
2021-06-01,1.606
2021-05-31,1.61
2021-05-28,1.581
2021-05-27,1.606
2021-05-26,1.581
2021-05-25,1.56
2021-05-24,1.603
2021-05-21,1.623
2021-05-20,1.628
2021-05-19,1.676
2021-05-18,1.64
2021-05-17,1.652
2021-05-14,1.635
2021-05-13,1.659
2021-05-12,1.693
2021-05-11,1.622
2021-05-10,1.604
2021-05-07,1.579
2021-05-06,1.57
2021-05-05,1.571
2021-05-04,1.591
2021-05-03,1.599
2021-04-30,1.626
2021-04-29,1.641
2021-04-28,1.611
2021-04-27,1.625
2021-04-26,1.568
2021-04-23,1.559
2021-04-22,1.542
2021-04-21,1.559
2021-04-20,1.566
2021-04-19,1.61
2021-04-16,1.59
2021-04-15,1.574
2021-04-14,1.634
2021-04-13,1.62
2021-04-12,1.669
2021-04-09,1.662
2021-04-08,1.626
2021-04-07,1.679
2021-04-06,1.658
2021-04-05,1.707
2021-04-02,1.673
2021-04-01,1.673
2021-03-31,1.744
2021-03-30,1.71
2021-03-29,1.717
2021-03-26,1.674
2021-03-25,1.633
2021-03-24,1.614
2021-03-23,1.622
2021-03-22,1.695
2021-03-19,1.73
2021-03-18,1.706
2021-03-17,1.646
2021-03-16,1.621
2021-03-15,1.607
2021-03-12,1.625
2021-03-11,1.535
2021-03-10,1.521
2021-03-09,1.528
2021-03-08,1.603
2021-03-05,1.577
2021-03-04,1.557
2021-03-03,1.484
2021-03-02,1.398
2021-03-01,1.426
2021-02-26,1.407
2021-02-25,1.53
2021-02-24,1.372
2021-02-23,1.343
2021-02-22,1.369
2021-02-19,1.34
2021-02-18,1.297
2021-02-17,1.282
2021-02-16,1.311
2021-02-15,1.25
2021-02-12,1.21
2021-02-11,1.165
2021-02-10,1.124
2021-02-09,1.16
2021-02-08,1.176
2021-02-05,1.169
2021-02-04,1.136
2021-02-03,1.139
2021-02-02,1.095
2021-02-01,1.079
2021-01-29,1.071
2021-01-28,1.052
2021-01-27,1.013
2021-01-26,1.033
2021-01-25,1.033
2021-01-22,1.086
2021-01-21,1.109
2021-01-20,1.077
2021-01-19,1.092
2021-01-18,1.1
2021-01-15,1.087
2021-01-14,1.129
2021-01-13,1.092
2021-01-12,1.129
2021-01-11,1.144
2021-01-08,1.119
2021-01-07,1.081
2021-01-06,1.039
2021-01-05,0.955
2021-01-04,0.918
2020-12-31,0.916
2020-12-30,0.926
2020-12-29,0.94
2020-12-28,0.923
2020-12-24,0.926
2020-12-23,0.945
2020-12-22,0.921
2020-12-21,0.938
2020-12-18,0.945
2020-12-17,0.935
2020-12-16,0.92
2020-12-15,0.911
2020-12-14,0.898
2020-12-11,0.896
2020-12-10,0.906
2020-12-09,0.938
2020-12-08,0.921
2020-12-07,0.928
2020-12-04,0.973
2020-12-03,0.911
2020-12-02,0.938
2020-12-01,0.929
2020-11-30,0.842
2020-11-27,0.842
2020-11-26,0.859
2020-11-25,0.882
2020-11-24,0.885
2020-11-23,0.859
2020-11-20,0.824
2020-11-19,0.842
2020-11-18,0.87
2020-11-17,0.862
2020-11-16,0.911
2020-11-13,0.898
2020-11-12,0.883
2020-11-11,0.977
2020-11-10,0.96
2020-11-09,0.924
2020-11-06,0.82
2020-11-05,0.766
2020-11-04,0.771
2020-11-03,0.896
2020-11-02,0.852
2020-10-30,0.874
2020-10-29,0.831
2020-10-28,0.774
2020-10-27,0.771
2020-10-26,0.803
2020-10-23,0.841
2020-10-22,0.861
2020-10-21,0.821
2020-10-20,0.786
2020-10-19,0.772
2020-10-16,0.749
2020-10-15,0.739
2020-10-14,0.727
2020-10-13,0.729
2020-10-12,0.764
2020-10-09,0.779
2020-10-08,0.779
2020-10-07,0.784
2020-10-06,0.734
2020-10-05,0.778
2020-10-02,0.704
2020-10-01,0.679
2020-09-30,0.686
2020-09-29,0.651
2020-09-28,0.658
2020-09-25,0.656
2020-09-24,0.668
2020-09-23,0.677
2020-09-22,0.671
2020-09-21,0.669
2020-09-18,0.697
2020-09-17,0.689
2020-09-16,0.698
2020-09-15,0.68
2020-09-14,0.676
2020-09-11,0.669
2020-09-10,0.682
2020-09-09,0.698
2020-09-08,0.682
2020-09-07,0.72
2020-09-04,0.721
2020-09-03,0.636
2020-09-02,0.648
2020-09-01,0.672
2020-08-31,0.706
2020-08-28,0.724
2020-08-27,0.754
2020-08-26,0.688
2020-08-25,0.688
2020-08-24,0.654
2020-08-21,0.636
2020-08-20,0.652
2020-08-19,0.685
2020-08-18,0.67
2020-08-17,0.692
2020-08-14,0.709
2020-08-13,0.717
2020-08-12,0.673
2020-08-11,0.643
2020-08-10,0.581
2020-08-07,0.566
2020-08-06,0.538
2020-08-05,0.549
2020-08-04,0.512
2020-08-03,0.554
2020-07-31,0.533
2020-07-30,0.545
2020-07-29,0.577
2020-07-28,0.579
2020-07-27,0.615
2020-07-24,0.587
2020-07-23,0.577
2020-07-22,0.6
2020-07-21,0.605
2020-07-20,0.613
2020-07-17,0.623
2020-07-16,0.618
2020-07-15,0.633
2020-07-14,0.625
2020-07-13,0.618
2020-07-10,0.643
2020-07-09,0.613
2020-07-08,0.666
2020-07-07,0.64
2020-07-06,0.678
2020-07-02,0.669
2020-07-01,0.676
2020-06-30,0.658
2020-06-29,0.627
2020-06-26,0.64
2020-06-25,0.682
2020-06-24,0.679
2020-06-23,0.715
2020-06-22,0.71
2020-06-19,0.694
2020-06-18,0.707
2020-06-17,0.733
2020-06-16,0.741
2020-06-15,0.72
2020-06-12,0.71
2020-06-11,0.666
2020-06-10,0.736
2020-06-09,0.824
2020-06-08,0.878
2020-06-05,0.893
2020-06-04,0.825
2020-06-03,0.746
2020-06-02,0.687
2020-06-01,0.667
2020-05-29,0.653
2020-05-28,0.697
2020-05-27,0.695
2020-05-26,0.695
2020-05-25,0.659
2020-05-22,0.657
2020-05-21,0.68
2020-05-20,0.69
2020-05-19,0.692
2020-05-18,0.726
2020-05-15,0.644
2020-05-14,0.617
2020-05-13,0.654
2020-05-12,0.667
2020-05-11,0.707
2020-05-08,0.685
2020-05-07,0.639
2020-05-06,0.709
2020-05-05,0.662
2020-05-04,0.631
2020-05-01,0.618
2020-04-30,0.646
2020-04-29,0.628
2020-04-28,0.616
2020-04-27,0.664
2020-04-24,0.605
2020-04-23,0.603
2020-04-22,0.618
2020-04-21,0.566
2020-04-20,0.616
2020-04-17,0.642
2020-04-16,0.617
2020-04-15,0.635
2020-04-14,0.75
2020-04-13,0.77
2020-04-09,0.729
2020-04-08,0.771
2020-04-07,0.726
2020-04-06,0.678
2020-04-03,0.599
2020-04-02,0.611
2020-04-01,0.602
2020-03-31,0.668
2020-03-30,0.726
2020-03-27,0.676
2020-03-26,0.848
2020-03-25,0.869
2020-03-24,0.858
2020-03-23,0.763
2020-03-20,0.885
2020-03-19,1.158
2020-03-18,1.183
2020-03-17,1.069
2020-03-16,0.74
2020-03-13,0.983
2020-03-12,0.812
2020-03-11,0.877
2020-03-10,0.8
2020-03-09,0.559
2020-03-06,0.773
2020-03-05,0.917
2020-03-04,1.055
2020-03-03,0.999
2020-03-02,1.152
2020-02-28,1.163
2020-02-27,1.274
2020-02-26,1.335
2020-02-25,1.355
2020-02-24,1.37
2020-02-21,1.473
2020-02-20,1.519
2020-02-19,1.568
2020-02-18,1.559
2020-02-17,1.578
2020-02-14,1.588
2020-02-13,1.619
2020-02-12,1.637
2020-02-11,1.602
2020-02-10,1.563
2020-02-07,1.582
2020-02-06,1.644
2020-02-05,1.649
2020-02-04,1.603
2020-02-03,1.526
2020-01-31,1.505
2020-01-30,1.591
2020-01-29,1.581
2020-01-28,1.661
2020-01-27,1.613
2020-01-24,1.686
2020-01-23,1.731
2020-01-22,1.769
2020-01-21,1.774
2020-01-20,1.823
2020-01-17,1.825
2020-01-16,1.809
2020-01-15,1.786
2020-01-14,1.813
2020-01-13,1.848
2020-01-10,1.82
2020-01-09,1.855
2020-01-08,1.874
2020-01-07,1.811
2020-01-06,1.809
2020-01-03,1.793
2020-01-02,1.877
2020-01-01,1.921
2019-12-31,1.919
2019-12-30,1.886
2019-12-27,1.877
2019-12-26,1.894
2019-12-25,1.907
2019-12-24,1.903
2019-12-23,1.928
2019-12-20,1.919
2019-12-19,1.922
2019-12-18,1.922
2019-12-17,1.875
2019-12-16,1.873
2019-12-13,1.824
2019-12-12,1.896
2019-12-11,1.793
2019-12-10,1.842
2019-12-09,1.821
2019-12-06,1.843
2019-12-05,1.809
2019-12-04,1.778
2019-12-03,1.717
2019-12-02,1.822
2019-11-29,1.774
2019-11-28,1.778
2019-11-27,1.767
2019-11-26,1.741
2019-11-25,1.752
2019-11-22,1.771
2019-11-21,1.776
2019-11-20,1.747
2019-11-19,1.786
2019-11-18,1.815
2019-11-15,1.836
2019-11-14,1.822
2019-11-13,1.891
2019-11-12,1.928
2019-11-11,1.923
2019-11-08,1.945
2019-11-07,1.929
2019-11-06,1.83
2019-11-05,1.857
2019-11-04,1.781
2019-11-01,1.714
2019-10-31,1.688
2019-10-30,1.775
2019-10-29,1.837
2019-10-28,1.845
2019-10-25,1.799
2019-10-24,1.771
2019-10-23,1.768
2019-10-22,1.768
2019-10-21,1.803
2019-10-18,1.754
2019-10-17,1.75
2019-10-16,1.745
2019-10-15,1.771
2019-10-14,1.715
2019-10-11,1.734
2019-10-10,1.67
2019-10-09,1.587
2019-10-08,1.532
2019-10-07,1.565
2019-10-04,1.529
2019-10-03,1.534
2019-10-02,1.601
2019-10-01,1.635
2019-09-30,1.668
2019-09-27,1.687
2019-09-26,1.697
2019-09-25,1.737
2019-09-24,1.652
2019-09-23,1.723
2019-09-20,1.722
2019-09-19,1.787
2019-09-18,1.8
2019-09-17,1.81
2019-09-16,1.843
2019-09-13,1.901
2019-09-12,1.778
2019-09-11,1.745
2019-09-10,1.744
2019-09-09,1.647
2019-09-06,1.56
2019-09-05,1.565
2019-09-04,1.471
2019-09-03,1.462
2019-09-02,1.506
2019-08-30,1.499
2019-08-29,1.496
2019-08-28,1.468
2019-08-27,1.474
2019-08-26,1.538
2019-08-23,1.533
2019-08-22,1.613
2019-08-21,1.591
2019-08-20,1.552
2019-08-19,1.608
2019-08-16,1.562
2019-08-15,1.502
2019-08-14,1.583
2019-08-13,1.702
2019-08-12,1.64
2019-08-09,1.745
2019-08-08,1.719
2019-08-07,1.721
2019-08-06,1.716
2019-08-05,1.718
2019-08-02,1.843
2019-08-01,1.902
2019-07-31,2.007
2019-07-30,2.06
2019-07-29,2.063
2019-07-26,2.074
2019-07-25,2.083
2019-07-24,2.05
2019-07-23,2.078
2019-07-22,2.05
2019-07-19,2.057
2019-07-18,2.026
2019-07-17,2.043
2019-07-16,2.106
2019-07-15,2.09
2019-07-12,2.124
2019-07-11,2.143
2019-07-10,2.061
2019-07-09,2.072
2019-07-08,2.048
2019-07-05,2.039
2019-07-04,1.948
2019-07-03,1.953
2019-07-02,1.976
2019-07-01,2.033
2019-06-28,2.007
2019-06-27,2.014
2019-06-26,2.05
2019-06-25,1.988
2019-06-24,2.018
2019-06-21,2.059
2019-06-20,2.023
2019-06-19,2.029
2019-06-18,2.058
2019-06-17,2.091
2019-06-14,2.084
2019-06-13,2.093
2019-06-12,2.122
2019-06-11,2.145
2019-06-10,2.15
2019-06-07,2.084
2019-06-06,2.121
2019-06-05,2.131
2019-06-04,2.121
2019-06-03,2.075
2019-05-31,2.133
2019-05-30,2.217
2019-05-29,2.262
2019-05-28,2.267
2019-05-27,2.31
2019-05-24,2.324
2019-05-23,2.322
2019-05-22,2.38
2019-05-21,2.428
2019-05-20,2.419
2019-05-17,2.393
2019-05-16,2.394
2019-05-15,2.377
2019-05-14,2.414
2019-05-13,2.403
2019-05-10,2.473
2019-05-09,2.453
2019-05-08,2.485
2019-05-07,2.448
2019-05-06,2.5
2019-05-03,2.53
2019-05-02,2.545
2019-05-01,2.502
2019-04-30,2.504
2019-04-29,2.527
2019-04-26,2.5
2019-04-25,2.534
2019-04-24,2.518
2019-04-23,2.569
2019-04-22,2.587
2019-04-18,2.56
2019-04-17,2.594
2019-04-16,2.592
2019-04-15,2.556
2019-04-12,2.562
2019-04-11,2.499
2019-04-10,2.465
2019-04-09,2.502
2019-04-08,2.52
2019-04-05,2.499
2019-04-04,2.513
2019-04-03,2.528
2019-04-02,2.472
2019-04-01,2.503
2019-03-29,2.407
2019-03-28,2.391
2019-03-27,2.381
2019-03-26,2.425
2019-03-25,2.405
2019-03-22,2.437
2019-03-21,2.539
2019-03-20,2.524
2019-03-19,2.618
2019-03-18,2.605
2019-03-15,2.591
2019-03-14,2.63
2019-03-13,2.625
2019-03-12,2.6
2019-03-11,2.641
2019-03-08,2.63
2019-03-07,2.641
2019-03-06,2.693
2019-03-05,2.719
2019-03-04,2.724
2019-03-01,2.759
2019-02-28,2.717
2019-02-27,2.686
2019-02-26,2.638
2019-02-25,2.668
2019-02-22,2.654
2019-02-21,2.695
2019-02-20,2.648
2019-02-19,2.636
2019-02-18,2.673
2019-02-15,2.664
2019-02-14,2.655
2019-02-13,2.709
2019-02-12,2.686
2019-02-11,2.654
2019-02-08,2.634
2019-02-07,2.657
2019-02-06,2.7
2019-02-05,2.704
2019-02-04,2.725
2019-02-01,2.684
2019-01-31,2.633
2019-01-30,2.678
2019-01-29,2.71
2019-01-28,2.748
2019-01-25,2.759
2019-01-24,2.716
2019-01-23,2.75
2019-01-22,2.741
2019-01-21,2.773
2019-01-18,2.788
2019-01-17,2.75
2019-01-16,2.727
2019-01-15,2.718
2019-01-14,2.706
2019-01-11,2.699
2019-01-10,2.746
2019-01-09,2.712
2019-01-08,2.73
2019-01-07,2.698
2019-01-04,2.668
2019-01-03,2.552
2019-01-02,2.633
2019-01-01,2.686
2018-12-31,2.686
2018-12-28,2.716
2018-12-27,2.774
2018-12-26,2.81
2018-12-25,2.751
2018-12-24,2.737
2018-12-21,2.788
2018-12-20,2.808
2018-12-19,2.762
2018-12-18,2.823
2018-12-17,2.857
2018-12-14,2.895
2018-12-13,2.913
2018-12-12,2.911
2018-12-11,2.879
2018-12-10,2.863
2018-12-07,2.858
2018-12-06,2.892
2018-12-05,2.917
2018-12-04,2.915
2018-12-03,2.966
2018-11-30,2.993
2018-11-29,3.032
2018-11-28,3.061
2018-11-27,3.059
2018-11-26,3.059
2018-11-23,3.046
2018-11-22,3.065
2018-11-21,3.065
2018-11-20,3.061
2018-11-19,3.063
2018-11-16,3.065
2018-11-15,3.11
2018-11-14,3.127
2018-11-13,3.141
2018-11-12,3.151
2018-11-09,3.186
2018-11-08,3.239
2018-11-07,3.237
2018-11-06,3.231
2018-11-05,3.201
2018-11-02,3.22
2018-11-01,3.134
2018-10-31,3.149
2018-10-30,3.119
2018-10-29,3.089
2018-10-26,3.077
2018-10-25,3.126
2018-10-24,3.111
2018-10-23,3.171
2018-10-22,3.2
2018-10-19,3.196
2018-10-18,3.177
2018-10-17,3.207
2018-10-16,3.163
2018-10-15,3.156
2018-10-12,3.167
2018-10-11,3.146
2018-10-10,3.174
2018-10-09,3.206
2018-10-08,3.231
2018-10-05,3.233
2018-10-04,3.187
2018-10-03,3.181
2018-10-02,3.061
2018-10-01,3.086
2018-09-28,3.065
2018-09-27,3.056
2018-09-26,3.048
2018-09-25,3.098
2018-09-24,3.089
2018-09-21,3.066
2018-09-20,3.065
2018-09-19,3.066
2018-09-18,3.057
2018-09-17,2.994
2018-09-14,3
2018-09-13,2.974
2018-09-12,2.964
2018-09-11,2.981
2018-09-10,2.935
2018-09-07,2.939
2018-09-06,2.878
2018-09-05,2.904
2018-09-04,2.898
2018-09-03,2.862
2018-08-31,2.86
2018-08-30,2.859
2018-08-29,2.886
2018-08-28,2.884
2018-08-27,2.846
2018-08-24,2.813
2018-08-23,2.828
2018-08-22,2.821
2018-08-21,2.842
2018-08-20,2.819
2018-08-17,2.864
2018-08-16,2.87
2018-08-15,2.864
2018-08-14,2.9
2018-08-13,2.877
2018-08-10,2.873
2018-08-09,2.929
2018-08-08,2.964
2018-08-07,2.977
2018-08-06,2.945
2018-08-03,2.951
2018-08-02,2.986
2018-08-01,3.004
2018-07-31,2.962
2018-07-30,2.975
2018-07-27,2.958
2018-07-26,2.982
2018-07-25,2.973
2018-07-24,2.95
2018-07-23,2.96
2018-07-20,2.895
2018-07-19,2.838
2018-07-18,2.875
2018-07-17,2.86
2018-07-16,2.856
2018-07-13,2.829
2018-07-12,2.849
2018-07-11,2.84
2018-07-10,2.867
2018-07-09,2.858
2018-07-06,2.824
2018-07-05,2.833
2018-07-04,2.842
2018-07-03,2.833
2018-07-02,2.871
2018-06-29,2.86
2018-06-28,2.84
2018-06-27,2.827
2018-06-26,2.877
2018-06-25,2.882
2018-06-22,2.895
2018-06-21,2.899
2018-06-20,2.937
2018-06-19,2.897
2018-06-18,2.917
2018-06-15,2.922
2018-06-14,2.935
2018-06-13,2.974
2018-06-12,2.964
2018-06-11,2.952
2018-06-08,2.948
2018-06-07,2.922
2018-06-06,2.974
2018-06-05,2.926
2018-06-04,2.944
2018-06-01,2.902
2018-05-31,2.86
2018-05-30,2.857
2018-05-29,2.79
2018-05-28,2.898
2018-05-25,2.931
2018-05-24,2.977
2018-05-23,2.993
2018-05-22,3.063
2018-05-21,3.058
2018-05-18,3.06
2018-05-17,3.115
2018-05-16,3.104
2018-05-15,3.072
2018-05-14,3.002
2018-05-11,2.97
2018-05-10,2.964
2018-05-09,3.006
2018-05-08,2.972
2018-05-07,2.952
2018-05-04,2.951
2018-05-03,2.948
2018-05-02,2.976
2018-05-01,2.968
2018-04-30,2.955
2018-04-27,2.959
2018-04-26,2.983
2018-04-25,3.032
2018-04-24,3
2018-04-23,2.977
2018-04-20,2.96
2018-04-19,2.914
2018-04-18,2.875
2018-04-17,2.83
2018-04-16,2.829
2018-04-13,2.825
2018-04-12,2.843
2018-04-11,2.779
2018-04-10,2.801
2018-04-09,2.781
2018-04-06,2.775
2018-04-05,2.834
2018-04-04,2.808
2018-04-03,2.781
2018-04-02,2.733
2018-03-29,2.741
2018-03-28,2.783
2018-03-27,2.775
2018-03-26,2.852
2018-03-23,2.813
2018-03-22,2.823
2018-03-21,2.881
2018-03-20,2.9
2018-03-19,2.855
2018-03-16,2.845
2018-03-15,2.826
2018-03-14,2.819
2018-03-13,2.844
2018-03-12,2.866
2018-03-09,2.896
2018-03-08,2.857
2018-03-07,2.881
2018-03-06,2.886
2018-03-05,2.883
2018-03-02,2.868
2018-03-01,2.811
2018-02-28,2.864
2018-02-27,2.901
2018-02-26,2.864
2018-02-23,2.866
2018-02-22,2.919
2018-02-21,2.952
2018-02-20,2.891
2018-02-19,2.889
2018-02-16,2.873
2018-02-15,2.906
2018-02-14,2.913
2018-02-13,2.833
2018-02-12,2.859
2018-02-09,2.857
2018-02-08,2.828
2018-02-07,2.834
2018-02-06,2.805
2018-02-05,2.709
2018-02-02,2.841
2018-02-01,2.782
2018-01-31,2.713
2018-01-30,2.724
2018-01-29,2.699
2018-01-26,2.66
2018-01-25,2.624
2018-01-24,2.648
2018-01-23,2.617
2018-01-22,2.656
2018-01-19,2.661
2018-01-18,2.624
2018-01-17,2.587
2018-01-16,2.539
2018-01-15,2.552
2018-01-12,2.55
2018-01-11,2.537
2018-01-10,2.559
2018-01-09,2.551
2018-01-08,2.48
2018-01-05,2.476
2018-01-04,2.453
2018-01-03,2.445
2018-01-02,2.461
2018-01-01,2.405
2017-12-29,2.405
2017-12-28,2.434
2017-12-27,2.412
2017-12-26,2.474
2017-12-25,2.492
2017-12-22,2.485
2017-12-21,2.484
2017-12-20,2.497
2017-12-19,2.459
2017-12-18,2.394
2017-12-16,2.351
2017-12-15,2.351
2017-12-14,2.349
2017-12-13,2.348
2017-12-12,2.403
2017-12-11,2.39
2017-12-08,2.378
2017-12-07,2.362
2017-12-06,2.34
2017-12-05,2.353
2017-12-04,2.372
2017-12-01,2.363
2017-11-30,2.415
2017-11-29,2.388
2017-11-28,2.326
2017-11-27,2.331
2017-11-24,2.34
2017-11-23,2.326
2017-11-22,2.32
2017-11-21,2.358
2017-11-20,2.368
2017-11-17,2.345
2017-11-16,2.375
2017-11-15,2.326
2017-11-14,2.375
2017-11-13,2.407
2017-11-10,2.402
2017-11-09,2.34
2017-11-08,2.334
2017-11-07,2.316
2017-11-06,2.318
2017-11-03,2.332
2017-11-02,2.349
2017-11-01,2.372
2017-10-31,2.378
2017-10-30,2.37
2017-10-27,2.415
2017-10-26,2.463
2017-10-25,2.435
2017-10-24,2.421
2017-10-23,2.37
2017-10-20,2.383
2017-10-19,2.318
2017-10-18,2.345
2017-10-17,2.302
2017-10-16,2.305
2017-10-13,2.275
2017-10-12,2.321
2017-10-11,2.353
2017-10-10,2.355
2017-10-09,2.361
2017-10-06,2.361
2017-10-05,2.348
2017-10-04,2.323
2017-10-03,2.325
2017-10-02,2.341
2017-09-29,2.339
2017-09-28,2.309
2017-09-27,2.31
2017-09-26,2.236
2017-09-25,2.222
2017-09-22,2.253
2017-09-21,2.278
2017-09-20,2.273
2017-09-19,2.246
2017-09-18,2.234
2017-09-15,2.202
2017-09-14,2.187
2017-09-13,2.194
2017-09-12,2.167
2017-09-11,2.134
2017-09-08,2.054
2017-09-07,2.042
2017-09-06,2.106
2017-09-05,2.063
2017-09-03,2.166
2017-09-01,2.166
2017-08-31,2.121
2017-08-30,2.136
2017-08-29,2.129
2017-08-28,2.159
2017-08-25,2.169
2017-08-24,2.196
2017-08-23,2.169
2017-08-22,2.217
2017-08-21,2.183
2017-08-18,2.197
2017-08-17,2.185
2017-08-16,2.226
2017-08-15,2.273
2017-08-14,2.224
2017-08-11,2.191
2017-08-10,2.201
2017-08-09,2.249
2017-08-08,2.262
2017-08-07,2.257
2017-08-04,2.264
2017-08-03,2.219
2017-08-02,2.271
2017-08-01,2.253
2017-07-31,2.296
2017-07-28,2.291
2017-07-27,2.319
2017-07-26,2.293
2017-07-25,2.332
2017-07-24,2.257
2017-07-21,2.237
2017-07-20,2.257
2017-07-19,2.271
2017-07-18,2.261
2017-07-17,2.314
2017-07-14,2.332
2017-07-13,2.348
2017-07-12,2.319
2017-07-11,2.361
2017-07-10,2.373
2017-07-07,2.386
2017-07-06,2.368
2017-07-05,2.327
2017-07-04,2.334
2017-07-03,2.348
2017-07-01,2.304
2017-06-30,2.304
2017-06-29,2.267
2017-06-28,2.226
2017-06-27,2.203
2017-06-26,2.135
2017-06-23,2.144
2017-06-22,2.148
2017-06-21,2.165
2017-06-20,2.157
2017-06-19,2.191
2017-06-16,2.153
2017-06-15,2.164
2017-06-14,2.127
2017-06-13,2.211
2017-06-12,2.214
2017-06-09,2.202
2017-06-08,2.192
2017-06-07,2.176
2017-06-06,2.145
2017-06-05,2.183
2017-06-02,2.159
2017-06-01,2.213
2017-05-31,2.206
2017-05-30,2.208
2017-05-29,2.243
2017-05-26,2.25
2017-05-25,2.255
2017-05-24,2.252
2017-05-23,2.282
2017-05-22,2.252
2017-05-19,2.235
2017-05-18,2.228
2017-05-17,2.223
2017-05-16,2.326
2017-05-15,2.343
2017-05-12,2.326
2017-05-11,2.393
2017-05-10,2.411
2017-05-09,2.398
2017-05-08,2.389
2017-05-05,2.351
2017-05-04,2.352
2017-05-03,2.322
2017-05-02,2.287
2017-05-01,2.322
2017-04-28,2.289
2017-04-27,2.3
2017-04-26,2.303
2017-04-25,2.334
2017-04-24,2.273
2017-04-22,2.246
2017-04-21,2.246
2017-04-20,2.236
2017-04-19,2.216
2017-04-18,2.172
2017-04-17,2.248
2017-04-13,2.232
2017-04-12,2.244
2017-04-11,2.298
2017-04-10,2.366
2017-04-07,2.382
2017-04-06,2.341
2017-04-05,2.339
2017-04-04,2.364
2017-04-03,2.323
2017-03-31,2.389
2017-03-30,2.421
2017-03-29,2.38
2017-03-28,2.42
2017-03-27,2.378
2017-03-24,2.418
2017-03-23,2.418
2017-03-22,2.403
2017-03-21,2.416
2017-03-20,2.463
2017-03-18,2.5
2017-03-17,2.5
2017-03-16,2.537
2017-03-15,2.5
2017-03-14,2.602
2017-03-13,2.626
2017-03-10,2.575
2017-03-09,2.609
2017-03-08,2.56
2017-03-07,2.518
2017-03-06,2.494
2017-03-03,2.482
2017-03-02,2.481
2017-03-01,2.458
2017-02-28,2.397
2017-02-27,2.367
2017-02-24,2.315
2017-02-23,2.375
2017-02-22,2.415
2017-02-21,2.431
2017-02-20,2.436
2017-02-17,2.42
2017-02-16,2.447
2017-02-15,2.497
2017-02-14,2.472
2017-02-13,2.436
2017-02-10,2.409
2017-02-09,2.397
2017-02-08,2.34
2017-02-07,2.397
2017-02-06,2.417
2017-02-03,2.467
2017-02-02,2.474
2017-02-01,2.477
2017-01-31,2.466
2017-01-30,2.49
2017-01-27,2.486
2017-01-26,2.512
2017-01-25,2.515
2017-01-24,2.465
2017-01-23,2.401
2017-01-20,2.467
2017-01-19,2.47
2017-01-18,2.428
2017-01-17,2.325
2017-01-16,2.378
2017-01-13,2.398
2017-01-12,2.361
2017-01-11,2.37
2017-01-10,2.378
2017-01-09,2.368
2017-01-06,2.421
2017-01-05,2.348
2017-01-04,2.441
2017-01-03,2.448
2017-01-02,2.446
2016-12-30,2.446
2016-12-29,2.477
2016-12-28,2.512
2016-12-27,2.561
2016-12-26,2.543
2016-12-23,2.543
2016-12-22,2.553
2016-12-21,2.538
2016-12-20,2.56
2016-12-19,2.544
2016-12-16,2.599
2016-12-15,2.606
2016-12-14,2.567
2016-12-13,2.473
2016-12-12,2.477
2016-12-09,2.466
2016-12-08,2.409
2016-12-07,2.344
2016-12-06,2.392
2016-12-05,2.401
2016-12-02,2.392
2016-12-01,2.454
2016-11-30,2.39
2016-11-29,2.293
2016-11-28,2.312
2016-11-25,2.359
2016-11-24,2.382
2016-11-23,2.355
2016-11-22,2.314
2016-11-21,2.314
2016-11-18,2.348
2016-11-17,2.297
2016-11-16,2.214
2016-11-15,2.23
2016-11-14,2.254
2016-11-10,2.138
2016-11-09,2.068
2016-11-08,1.858
2016-11-07,1.828
2016-11-04,1.778
2016-11-03,1.81
2016-11-02,1.801
2016-11-01,1.827
2016-10-31,1.826
2016-10-28,1.849
2016-10-27,1.85
2016-10-26,1.791
2016-10-25,1.758
2016-10-24,1.766
2016-10-21,1.736
2016-10-20,1.756
2016-10-19,1.747
2016-10-18,1.74
2016-10-17,1.768
2016-10-15,1.805
2016-10-14,1.805
2016-10-13,1.746
2016-10-12,1.771
2016-10-11,1.767
2016-10-10,1.765
2016-10-07,1.723
2016-10-06,1.739
2016-10-05,1.706
2016-10-04,1.69
2016-10-03,1.627
2016-09-30,1.598
2016-09-29,1.558
2016-09-28,1.572
2016-09-27,1.56
2016-09-26,1.584
2016-09-24,1.62
2016-09-23,1.62
2016-09-22,1.618
2016-09-21,1.655
2016-09-20,1.693
2016-09-19,1.707
2016-09-17,1.694
2016-09-16,1.694
2016-09-15,1.698
2016-09-14,1.698
2016-09-13,1.729
2016-09-12,1.666
2016-09-09,1.675
2016-09-08,1.601
2016-09-07,1.536
2016-09-06,1.536
2016-09-05,1.609
2016-09-02,1.607
2016-09-01,1.568
2016-08-31,1.578
2016-08-30,1.57
2016-08-29,1.563
2016-08-26,1.628
2016-08-25,1.578
2016-08-24,1.563
2016-08-23,1.546
2016-08-22,1.544
2016-08-19,1.58
2016-08-18,1.534
2016-08-17,1.549
2016-08-16,1.575
2016-08-15,1.558
2016-08-13,1.51
2016-08-12,1.51
2016-08-11,1.561
2016-08-10,1.513
2016-08-09,1.549
2016-08-08,1.592
2016-08-06,1.59
2016-08-05,1.59
2016-08-04,1.503
2016-08-03,1.545
2016-08-02,1.554
2016-08-01,1.52
2016-07-29,1.45
2016-07-28,1.508
2016-07-27,1.503
2016-07-26,1.563
2016-07-25,1.575
2016-07-22,1.566
2016-07-21,1.556
2016-07-20,1.58
2016-07-19,1.558
2016-07-18,1.582
2016-07-15,1.558
2016-07-14,1.537
2016-07-13,1.473
2016-07-12,1.507
2016-07-11,1.43
2016-07-08,1.358
2016-07-07,1.385
2016-07-06,1.373
2016-07-05,1.375
2016-07-04,1.441
2016-07-01,1.456
2016-06-30,1.475
2016-06-29,1.517
2016-06-28,1.465
2016-06-27,1.444
2016-06-24,1.562
2016-06-23,1.744
2016-06-22,1.687
2016-06-21,1.709
2016-06-20,1.678
2016-06-17,1.611
2016-06-16,1.579
2016-06-15,1.575
2016-06-14,1.613
2016-06-13,1.613
2016-06-10,1.644
2016-06-09,1.682
2016-06-08,1.704
2016-06-07,1.716
2016-06-06,1.737
2016-06-03,1.702
2016-06-02,1.799
2016-06-01,1.839
2016-05-31,1.851
2016-05-30,1.862
2016-05-27,1.851
2016-05-26,1.83
2016-05-25,1.872
2016-05-24,1.865
2016-05-23,1.835
2016-05-20,1.844
2016-05-19,1.847
2016-05-18,1.859
2016-05-17,1.772
2016-05-16,1.757
2016-05-13,1.702
2016-05-12,1.748
2016-05-11,1.735
2016-05-10,1.754
2016-05-09,1.751
2016-05-06,1.779
2016-05-05,1.742
2016-05-04,1.777
2016-05-03,1.796
2016-05-02,1.872
2016-04-29,1.835
2016-04-28,1.824
2016-04-27,1.852
2016-04-26,1.931
2016-04-25,1.914
2016-04-22,1.891
2016-04-21,1.865
2016-04-20,1.845
2016-04-19,1.787
2016-04-18,1.771
2016-04-15,1.753
2016-04-14,1.792
2016-04-13,1.766
2016-04-12,1.776
2016-04-11,1.722
2016-04-08,1.717
2016-04-07,1.687
2016-04-06,1.758
2016-04-05,1.72
2016-04-04,1.762
2016-04-01,1.774
2016-03-31,1.77
2016-03-30,1.828
2016-03-29,1.804
2016-03-28,1.883
2016-03-24,1.9
2016-03-23,1.879
2016-03-22,1.944
2016-03-21,1.917
2016-03-18,1.877
2016-03-17,1.898
2016-03-16,1.913
2016-03-15,1.968
2016-03-14,1.961
2016-03-11,1.98
2016-03-10,1.936
2016-03-09,1.88
2016-03-08,1.831
2016-03-07,1.904
2016-03-04,1.876
2016-03-03,1.835
2016-03-02,1.835
2016-03-01,1.827
2016-02-29,1.738
2016-02-26,1.764
2016-02-25,1.714
2016-02-24,1.752
2016-02-23,1.716
2016-02-22,1.755
2016-02-19,1.743
2016-02-18,1.741
2016-02-17,1.816
2016-02-16,1.779
2016-02-15,1.772
2016-02-12,1.746
2016-02-11,1.664
2016-02-10,1.673
2016-02-09,1.731
2016-02-08,1.748
2016-02-05,1.843
2016-02-04,1.846
2016-02-03,1.883
2016-02-02,1.852
2016-02-01,1.95
2016-01-29,1.923
2016-01-28,1.982
2016-01-27,2.003
2016-01-26,2.003
2016-01-25,2.006
2016-01-22,2.057
2016-01-21,2.028
2016-01-20,1.988
2016-01-19,2.056
2016-01-18,2.045
2016-01-15,2.037
2016-01-14,2.091
2016-01-13,2.091
2016-01-12,2.105
2016-01-11,2.175
2016-01-08,2.116
2016-01-07,2.149
2016-01-06,2.17
2016-01-05,2.239
2016-01-04,2.243
2015-12-31,2.269
2015-12-30,2.294
2015-12-29,2.308
2015-12-28,2.232
2015-12-24,2.245
2015-12-23,2.259
2015-12-22,2.237
2015-12-21,2.195
2015-12-18,2.204
2015-12-17,2.225
2015-12-16,2.298
2015-12-15,2.268
2015-12-14,2.225
2015-12-11,2.132
2015-12-10,2.234
2015-12-09,2.211
2015-12-08,2.222
2015-12-07,2.236
2015-12-04,2.273
2015-12-03,2.321
2015-12-02,2.178
2015-12-01,2.145
2015-11-30,2.208
2015-11-27,2.222
2015-11-26,2.224
2015-11-25,2.234
2015-11-24,2.239
2015-11-23,2.243
2015-11-20,2.264
2015-11-19,2.247
2015-11-18,2.273
2015-11-17,2.268
2015-11-16,2.271
2015-11-13,2.275
2015-11-12,2.315
2015-11-11,2.331
2015-11-10,2.336
2015-11-09,2.349
2015-11-06,2.325
2015-11-05,2.236
2015-11-04,2.227
2015-11-03,2.218
2015-11-02,2.176
2015-10-30,2.146
2015-10-29,2.172
2015-10-28,2.101
2015-10-27,2.037
2015-10-26,2.058
2015-10-23,2.087
2015-10-22,2.028
2015-10-21,2.028
2015-10-20,2.069
2015-10-19,2.023
2015-10-16,2.035
2015-10-15,2.019
2015-10-14,1.975
2015-10-13,2.042
2015-10-12,2.07
2015-10-09,2.09
2015-10-08,2.102
2015-10-07,2.065
2015-10-06,2.035
2015-10-05,2.058
2015-10-03,1.991
2015-10-02,1.991
2015-10-01,2.042
2015-09-30,2.035
2015-09-29,2.06
2015-09-28,2.098
2015-09-25,2.166
2015-09-24,2.128
2015-09-23,2.151
2015-09-22,2.132
2015-09-21,2.199
2015-09-18,2.134
2015-09-17,2.192
2015-09-16,2.296
2015-09-15,2.292
2015-09-14,2.183
2015-09-11,2.187
2015-09-10,2.227
2015-09-09,2.195
2015-09-08,2.186
2015-09-07,2.151
2015-09-04,2.131
2015-09-03,2.163
2015-09-02,2.188
2015-09-01,2.159
2015-08-31,2.214
2015-08-28,2.184
2015-08-27,2.191
2015-08-26,2.18
2015-08-25,2.078
2015-08-24,2.012
2015-08-21,2.045
2015-08-20,2.073
2015-08-19,2.129
2015-08-18,2.192
2015-08-17,2.17
2015-08-14,2.201
2015-08-13,2.189
2015-08-12,2.148
2015-08-11,2.143
2015-08-10,2.232
2015-08-07,2.166
2015-08-06,2.227
2015-08-05,2.27
2015-08-04,2.223
2015-08-03,2.15
2015-07-31,2.187
2015-07-30,2.257
2015-07-29,2.289
2015-07-28,2.25
2015-07-27,2.216
2015-07-24,2.262
2015-07-23,2.269
2015-07-22,2.327
2015-07-21,2.331
2015-07-20,2.38
2015-07-18,2.347
2015-07-17,2.347
2015-07-16,2.356
2015-07-15,2.356
2015-07-14,2.397
2015-07-13,2.446
2015-07-10,2.401
2015-07-09,2.317
2015-07-08,2.197
2015-07-07,2.255
2015-07-06,2.29
2015-07-02,2.386
2015-07-01,2.427
2015-06-30,2.349
2015-06-29,2.328
2015-06-26,2.474
2015-06-25,2.412
2015-06-24,2.373
2015-06-23,2.414
2015-06-22,2.374
2015-06-19,2.261
2015-06-18,2.334
2015-06-17,2.32
2015-06-16,2.309
2015-06-15,2.36
2015-06-12,2.39
2015-06-11,2.381
2015-06-10,2.486
2015-06-09,2.442
2015-06-08,2.382
2015-06-05,2.409
2015-06-04,2.309
2015-06-03,2.361
2015-06-02,2.266
2015-06-01,2.183
2015-05-30,2.123
2015-05-29,2.123
2015-05-28,2.135
2015-05-27,2.13
2015-05-26,2.142
2015-05-25,2.204
2015-05-22,2.215
2015-05-21,2.195
2015-05-20,2.257
2015-05-19,2.29
2015-05-18,2.234
2015-05-15,2.148
2015-05-14,2.235
2015-05-13,2.295
2015-05-12,2.247
2015-05-11,2.287
2015-05-08,2.142
2015-05-07,2.178
2015-05-06,2.252
2015-05-05,2.182
2015-05-04,2.146
2015-05-01,2.112
2015-04-30,2.035
2015-04-29,2.046
2015-04-28,2.003
2015-04-27,1.926
2015-04-24,1.914
2015-04-23,1.954
2015-04-22,1.982
2015-04-21,1.911
2015-04-20,1.886
2015-04-17,1.865
2015-04-16,1.895
2015-04-15,1.89
2015-04-14,1.9
2015-04-13,1.93
2015-04-10,1.949
2015-04-09,1.963
2015-04-08,1.906
2015-04-07,1.887
2015-04-06,1.899
2015-04-03,1.842
2015-04-02,1.913
2015-04-01,1.859
2015-03-31,1.927
2015-03-30,1.953
2015-03-27,1.96
2015-03-26,1.996
2015-03-25,1.927
2015-03-24,1.873
2015-03-23,1.909
2015-03-20,1.932
2015-03-19,1.97
2015-03-18,1.918
2015-03-17,2.052
2015-03-16,2.074
2015-03-13,2.118
2015-03-12,2.11
2015-03-11,2.109
2015-03-10,2.121
2015-03-09,2.192
2015-03-06,2.247
2015-03-05,2.117
2015-03-04,2.119
2015-03-03,2.122
2015-03-02,2.089
2015-02-27,1.996
2015-02-26,2.031
2015-02-25,1.972
2015-02-24,1.972
2015-02-23,2.061
2015-02-20,2.115
2015-02-19,2.122
2015-02-18,2.085
2015-02-17,2.145
2015-02-16,2.019
2015-02-13,2.047
2015-02-12,1.988
2015-02-11,2.021
2015-02-10,2.004
2015-02-09,1.978
2015-02-06,1.958
2015-02-05,1.817
2015-02-04,1.747
2015-02-03,1.798
2015-02-02,1.674
2015-01-30,1.639
2015-01-29,1.756
2015-01-28,1.719
2015-01-27,1.828
2015-01-26,1.828
2015-01-23,1.789
2015-01-22,1.872
2015-01-21,1.875
2015-01-20,1.791
2015-01-19,1.8
2015-01-16,1.831
2015-01-15,1.728
2015-01-14,1.855
2015-01-13,1.905
2015-01-12,1.909
2015-01-09,1.95
2015-01-08,2.018
2015-01-07,1.969
2015-01-06,1.938
2015-01-05,2.034
2015-01-02,2.114
2015-01-01,2.17
2014-12-31,2.17
2014-12-30,2.192
2014-12-29,2.204
2014-12-26,2.252
2014-12-25,2.255
2014-12-24,2.264
2014-12-23,2.269
2014-12-22,2.156
2014-12-19,2.16
2014-12-18,2.208
2014-12-17,2.136
2014-12-16,2.061
2014-12-15,2.115
2014-12-12,2.083
2014-12-11,2.169
2014-12-10,2.173
2014-12-09,2.213
2014-12-08,2.259
2014-12-05,2.307
2014-12-04,2.236
2014-12-03,2.282
2014-12-02,2.294
2014-12-01,2.236
2014-11-28,2.173
2014-11-27,2.215
2014-11-26,2.245
2014-11-25,2.259
2014-11-24,2.305
2014-11-21,2.312
2014-11-20,2.338
2014-11-19,2.358
2014-11-18,2.317
2014-11-17,2.34
2014-11-14,2.319
2014-11-13,2.345
2014-11-12,2.373
2014-11-11,2.371
2014-11-10,2.36
2014-11-07,2.301
2014-11-06,2.382
2014-11-05,2.346
2014-11-04,2.335
2014-11-03,2.346
2014-10-31,2.335
2014-10-30,2.308
2014-10-29,2.321
2014-10-28,2.3
2014-10-27,2.259
2014-10-24,2.266
2014-10-23,2.277
2014-10-22,2.22
2014-10-21,2.227
2014-10-20,2.193
2014-10-17,2.199
2014-10-16,2.151
2014-10-15,2.129
2014-10-14,2.197
2014-10-13,2.238
2014-10-10,2.286
2014-10-09,2.327
2014-10-08,2.318
2014-10-07,2.341
2014-10-06,2.42
2014-10-03,2.436
2014-10-02,2.436
2014-10-01,2.389
2014-09-30,2.495
2014-09-29,2.479
2014-09-27,2.528
2014-09-26,2.528
2014-09-25,2.504
2014-09-24,2.566
2014-09-23,2.527
2014-09-22,2.566
2014-09-19,2.578
2014-09-18,2.618
2014-09-17,2.622
2014-09-16,2.594
2014-09-15,2.591
2014-09-13,2.609
2014-09-12,2.609
2014-09-11,2.55
2014-09-10,2.543
2014-09-09,2.502
2014-09-08,2.471
2014-09-05,2.459
2014-09-04,2.453
2014-09-03,2.398
2014-09-02,2.423
2014-09-01,2.359
2014-08-29,2.345
2014-08-28,2.338
2014-08-27,2.361
2014-08-26,2.398
2014-08-25,2.384
2014-08-22,2.403
2014-08-21,2.409
2014-08-20,2.428
2014-08-19,2.403
2014-08-18,2.394
2014-08-15,2.341
2014-08-14,2.403
2014-08-13,2.42
2014-08-12,2.449
2014-08-11,2.429
2014-08-08,2.422
2014-08-07,2.409
2014-08-06,2.469
2014-08-05,2.489
2014-08-04,2.485
2014-08-02,2.494
2014-08-01,2.494
2014-07-31,2.562
2014-07-30,2.56
2014-07-29,2.462
2014-07-28,2.487
2014-07-25,2.467
2014-07-24,2.502
2014-07-23,2.469
2014-07-22,2.466
2014-07-21,2.469
2014-07-18,2.482
2014-07-17,2.442
2014-07-16,2.53
2014-07-15,2.552
2014-07-14,2.547
2014-07-12,2.516
2014-07-11,2.516
2014-07-10,2.538
2014-07-09,2.556
2014-07-08,2.559
2014-07-07,2.614
2014-07-03,2.641
2014-07-02,2.628
2014-07-01,2.567
2014-06-30,2.532
2014-06-27,2.536
2014-06-26,2.532
2014-06-25,2.561
2014-06-24,2.577
2014-06-23,2.626
2014-06-20,2.608
2014-06-19,2.621
2014-06-18,2.59
2014-06-17,2.653
2014-06-16,2.597
2014-06-13,2.608
2014-06-12,2.597
2014-06-11,2.64
2014-06-10,2.64
2014-06-09,2.608
2014-06-06,2.597
2014-06-05,2.584
2014-06-04,2.606
2014-06-03,2.599
2014-06-02,2.527
2014-05-30,2.475
2014-05-29,2.47
2014-05-28,2.445
2014-05-27,2.518
2014-05-26,2.541
2014-05-23,2.536
2014-05-22,2.554
2014-05-21,2.534
2014-05-20,2.514
2014-05-19,2.545
2014-05-16,2.523
2014-05-15,2.496
2014-05-14,2.548
2014-05-13,2.611
2014-05-12,2.661
2014-05-09,2.623
2014-05-08,2.611
2014-05-07,2.59
2014-05-06,2.593
2014-05-05,2.606
2014-05-02,2.586
2014-05-01,2.613
2014-04-30,2.646
2014-04-29,2.697
2014-04-28,2.708
2014-04-25,2.666
2014-04-24,2.682
2014-04-23,2.693
2014-04-22,2.711
2014-04-21,2.715
2014-04-17,2.721
2014-04-16,2.635
2014-04-15,2.63
2014-04-14,2.65
2014-04-11,2.628
2014-04-10,2.647
2014-04-09,2.693
2014-04-08,2.683
2014-04-07,2.701
2014-04-04,2.726
2014-04-03,2.801
2014-04-02,2.806
2014-04-01,2.755
2014-03-31,2.719
2014-03-28,2.723
2014-03-27,2.683
2014-03-26,2.694
2014-03-25,2.75
2014-03-24,2.73
2014-03-21,2.746
2014-03-20,2.773
2014-03-19,2.773
2014-03-18,2.674
2014-03-17,2.694
2014-03-14,2.656
2014-03-13,2.645
2014-03-12,2.732
2014-03-11,2.77
2014-03-10,2.779
2014-03-07,2.79
2014-03-06,2.739
2014-03-05,2.708
2014-03-04,2.701
2014-03-03,2.603
2014-02-28,2.649
2014-02-27,2.639
2014-02-26,2.666
2014-02-25,2.703
2014-02-24,2.741
2014-02-21,2.732
2014-02-20,2.752
2014-02-19,2.739
2014-02-18,2.709
2014-02-17,2.748
2014-02-14,2.745
2014-02-13,2.734
2014-02-12,2.763
2014-02-11,2.726
2014-02-10,2.669
2014-02-07,2.684
2014-02-06,2.702
2014-02-05,2.669
2014-02-04,2.631
2014-02-03,2.577
2014-01-31,2.644
2014-01-30,2.697
2014-01-29,2.679
2014-01-28,2.752
2014-01-27,2.75
2014-01-24,2.719
2014-01-23,2.779
2014-01-22,2.867
2014-01-21,2.832
2014-01-20,2.829
2014-01-17,2.821
2014-01-16,2.841
2014-01-15,2.893
2014-01-14,2.873
2014-01-13,2.829
2014-01-10,2.86
2014-01-09,2.969
2014-01-08,2.991
2014-01-07,2.941
2014-01-06,2.958
2014-01-03,2.998
2014-01-02,2.991
2014-01-01,3.026
2013-12-31,3.026
2013-12-30,2.972
2013-12-27,3.002
2013-12-26,2.992
2013-12-25,3
2013-12-24,2.981
2013-12-23,2.931
2013-12-20,2.89
2013-12-19,2.929
2013-12-18,2.896
2013-12-17,2.837
2013-12-16,2.879
2013-12-13,2.866
2013-12-12,2.879
2013-12-11,2.855
2013-12-10,2.803
2013-12-09,2.841
2013-12-06,2.857
2013-12-05,2.873
2013-12-04,2.837
2013-12-03,2.784
2013-12-02,2.797
2013-11-29,2.746
2013-11-28,2.748
2013-11-27,2.739
2013-11-26,2.71
2013-11-25,2.73
2013-11-22,2.744
2013-11-21,2.788
2013-11-20,2.804
2013-11-19,2.712
2013-11-18,2.666
2013-11-15,2.703
2013-11-14,2.693
2013-11-13,2.716
2013-11-12,2.774
2013-11-11,2.768
2013-11-08,2.751
2013-11-07,2.602
2013-11-06,2.644
2013-11-05,2.67
2013-11-04,2.603
2013-11-01,2.62
2013-10-31,2.552
2013-10-30,2.538
2013-10-29,2.503
2013-10-28,2.523
2013-10-25,2.511
2013-10-24,2.52
2013-10-23,2.498
2013-10-22,2.511
2013-10-21,2.601
2013-10-18,2.583
2013-10-17,2.592
2013-10-16,2.667
2013-10-15,2.728
2013-10-14,2.74
2013-10-11,2.691
2013-10-10,2.683
2013-10-09,2.661
2013-10-08,2.638
2013-10-07,2.63
2013-10-04,2.645
2013-10-03,2.605
2013-10-02,2.619
2013-10-01,2.65
2013-09-30,2.615
2013-09-27,2.628
2013-09-26,2.648
2013-09-25,2.626
2013-09-24,2.655
2013-09-23,2.701
2013-09-20,2.736
2013-09-19,2.752
2013-09-18,2.692
2013-09-17,2.849
2013-09-16,2.862
2013-09-13,2.89
2013-09-12,2.905
2013-09-11,2.912
2013-09-10,2.966
2013-09-09,2.914
2013-09-07,2.934
2013-09-06,2.934
2013-09-05,2.996
2013-09-04,2.897
2013-09-03,2.863
2013-09-02,2.835
2013-08-30,2.789
2013-08-29,2.762
2013-08-28,2.765
2013-08-27,2.709
2013-08-26,2.787
2013-08-23,2.818
2013-08-22,2.892
2013-08-21,2.892
2013-08-20,2.818
2013-08-19,2.882
2013-08-16,2.825
2013-08-15,2.764
2013-08-14,2.712
2013-08-13,2.721
2013-08-12,2.622
2013-08-10,2.58
2013-08-09,2.58
2013-08-08,2.587
2013-08-07,2.599
2013-08-06,2.642
2013-08-05,2.64
2013-08-03,2.598
2013-08-02,2.598
2013-08-01,2.708
2013-07-31,2.588
2013-07-30,2.606
2013-07-29,2.599
2013-07-27,2.564
2013-07-26,2.564
2013-07-25,2.577
2013-07-24,2.584
2013-07-23,2.507
2013-07-22,2.484
2013-07-20,2.482
2013-07-19,2.482
2013-07-18,2.534
2013-07-17,2.491
2013-07-16,2.532
2013-07-15,2.543
2013-07-13,2.592
2013-07-12,2.592
2013-07-11,2.572
2013-07-10,2.674
2013-07-09,2.64
2013-07-08,2.638
2013-07-06,2.736
2013-07-05,2.736
2013-07-04,2.503
2013-07-03,2.503
2013-07-02,2.471
2013-07-01,2.477
2013-06-29,2.487
2013-06-28,2.487
2013-06-27,2.474
2013-06-26,2.541
2013-06-25,2.612
2013-06-24,2.544
2013-06-22,2.542
2013-06-21,2.542
2013-06-20,2.421
2013-06-19,2.354
2013-06-18,2.185
2013-06-17,2.178
2013-06-15,2.129
2013-06-14,2.13
2013-06-13,2.149
2013-06-12,2.228
2013-06-11,2.19
2013-06-10,2.213
2013-06-08,2.179
2013-06-07,2.179
2013-06-06,2.079
2013-06-05,2.091
2013-06-04,2.15
2013-06-03,2.128
2013-06-01,2.132
2013-05-31,2.132
2013-05-30,2.119
2013-05-29,2.119
2013-05-28,2.167
2013-05-25,2.011
2013-05-24,2.011
2013-05-23,2.016
2013-05-22,2.037
2013-05-21,1.93
2013-05-20,1.965
2013-05-18,1.954
2013-05-17,1.954
2013-05-16,1.879
2013-05-15,1.94
2013-05-14,1.982
2013-05-13,1.917
2013-05-11,1.9
2013-05-10,1.9
2013-05-09,1.813
2013-05-08,1.767
2013-05-07,1.78
2013-05-06,1.764
2013-05-03,1.74
2013-05-02,1.624
2013-05-01,1.632
2013-04-30,1.673
2013-04-29,1.667
2013-04-26,1.665
2013-04-25,1.71
2013-04-24,1.703
2013-04-23,1.706
2013-04-22,1.695
2013-04-19,1.705
2013-04-18,1.686
2013-04-17,1.698
2013-04-16,1.722
2013-04-15,1.688
2013-04-12,1.721
2013-04-11,1.791
2013-04-10,1.805
2013-04-09,1.752
2013-04-08,1.745
2013-04-05,1.714
2013-04-04,1.766
2013-04-03,1.816
2013-04-02,1.862
2013-04-01,1.835
2013-03-28,1.852
2013-03-27,1.845
2013-03-26,1.911
2013-03-25,1.92
2013-03-22,1.927
2013-03-21,1.915
2013-03-20,1.958
2013-03-19,1.904
2013-03-18,1.955
2013-03-15,1.991
2013-03-14,2.037
2013-03-13,2.023
2013-03-12,2.019
2013-03-11,2.061
2013-03-08,2.049
2013-03-07,1.995
2013-03-06,1.939
2013-03-05,1.898
2013-03-04,1.879
2013-03-01,1.845
2013-02-28,1.881
2013-02-27,1.9
2013-02-26,1.886
2013-02-25,1.865
2013-02-22,1.962
2013-02-21,1.974
2013-02-20,2.01
2013-02-19,2.028
2013-02-15,2.005
2013-02-14,1.998
2013-02-13,2.028
2013-02-12,1.979
2013-02-11,1.964
2013-02-08,1.95
2013-02-07,1.959
2013-02-06,1.964
2013-02-05,2.005
2013-02-04,1.957
2013-02-01,2.025
2013-01-31,1.985
2013-01-30,1.992
2013-01-29,1.999
2013-01-28,1.965
2013-01-25,1.949
2013-01-24,1.852
2013-01-23,1.828
2013-01-22,1.843
2013-01-18,1.84
2013-01-17,1.884
2013-01-16,1.819
2013-01-15,1.836
2013-01-14,1.848
2013-01-11,1.866
2013-01-10,1.899
2013-01-09,1.86
2013-01-08,1.864
2013-01-07,1.901
2013-01-04,1.903
2013-01-03,1.911
2013-01-02,1.835
2012-12-31,1.756
2012-12-28,1.701
2012-12-27,1.734
2012-12-26,1.749
2012-12-24,1.776
2012-12-21,1.77
2012-12-20,1.8
2012-12-19,1.807
2012-12-18,1.821
2012-12-17,1.773
2012-12-14,1.704
2012-12-13,1.732
2012-12-12,1.702
2012-12-11,1.656
2012-12-10,1.618
2012-12-07,1.623
2012-12-06,1.586
2012-12-05,1.591
2012-12-04,1.605
2012-12-03,1.622
2012-11-30,1.616
2012-11-29,1.62
2012-11-28,1.633
2012-11-27,1.639
2012-11-26,1.666
2012-11-23,1.693
2012-11-21,1.68
2012-11-20,1.668
2012-11-19,1.613
2012-11-16,1.584
2012-11-15,1.595
2012-11-14,1.589
2012-11-13,1.595
2012-11-09,1.613
2012-11-08,1.618
2012-11-07,1.644
2012-11-06,1.751
2012-11-05,1.679
2012-11-02,1.717
2012-11-01,1.73
2012-10-31,1.694
2012-10-29,1.721
2012-10-26,1.749
2012-10-25,1.812
2012-10-24,1.794
2012-10-23,1.761
2012-10-22,1.815
2012-10-19,1.766
2012-10-18,1.831
2012-10-17,1.822
2012-10-16,1.722
2012-10-15,1.668
2012-10-12,1.656
2012-10-11,1.668
2012-10-10,1.68
2012-10-09,1.713
2012-10-05,1.732
2012-10-04,1.673
2012-10-03,1.616
2012-10-02,1.62
2012-10-01,1.618
2012-09-28,1.633
2012-09-27,1.656
2012-09-26,1.609
2012-09-25,1.671
2012-09-24,1.715
2012-09-21,1.754
2012-09-20,1.765
2012-09-19,1.774
2012-09-18,1.812
2012-09-17,1.843
2012-09-14,1.869
2012-09-13,1.721
2012-09-12,1.758
2012-09-11,1.7
2012-09-10,1.654
2012-09-07,1.668
2012-09-06,1.676
2012-09-05,1.596
2012-09-04,1.574
2012-08-31,1.548
2012-08-30,1.628
2012-08-29,1.652
2012-08-28,1.637
2012-08-27,1.652
2012-08-24,1.687
2012-08-23,1.675
2012-08-22,1.695
2012-08-21,1.802
2012-08-20,1.81
2012-08-17,1.814
2012-08-16,1.835
2012-08-15,1.817
2012-08-14,1.733
2012-08-13,1.666
2012-08-10,1.659
2012-08-09,1.695
2012-08-08,1.651
2012-08-07,1.628
2012-08-06,1.565
2012-08-03,1.568
2012-08-02,1.478
2012-08-01,1.524
2012-07-31,1.47
2012-07-30,1.5
2012-07-27,1.545
2012-07-26,1.438
2012-07-25,1.397
2012-07-24,1.391
2012-07-23,1.438
2012-07-20,1.458
2012-07-19,1.511
2012-07-18,1.494
2012-07-17,1.508
2012-07-16,1.471
2012-07-13,1.491
2012-07-12,1.478
2012-07-11,1.515
2012-07-10,1.502
2012-07-09,1.513
2012-07-06,1.549
2012-07-05,1.599
2012-07-03,1.628
2012-07-02,1.587
2012-06-29,1.643
2012-06-28,1.584
2012-06-27,1.621
2012-06-26,1.628
2012-06-25,1.604
2012-06-22,1.676
2012-06-21,1.62
2012-06-20,1.65
2012-06-19,1.62
2012-06-18,1.574
2012-06-15,1.586
2012-06-14,1.642
2012-06-13,1.599
2012-06-12,1.664
2012-06-11,1.586
2012-06-08,1.632
2012-06-07,1.644
2012-06-06,1.661
2012-06-05,1.573
2012-06-04,1.524
2012-06-01,1.459
2012-05-31,1.563
2012-05-30,1.619
2012-05-29,1.748
2012-05-28,1.745
2012-05-25,1.746
2012-05-24,1.783
2012-05-23,1.733
2012-05-22,1.777
2012-05-21,1.743
2012-05-18,1.723
2012-05-17,1.69
2012-05-16,1.759
2012-05-15,1.77
2012-05-14,1.769
2012-05-11,1.841
2012-05-10,1.874
2012-05-09,1.826
2012-05-08,1.842
2012-05-07,1.873
2012-05-04,1.879
2012-05-03,1.933
2012-05-02,1.928
2012-05-01,1.945
2012-04-30,1.919
2012-04-27,1.937
2012-04-26,1.947
2012-04-25,1.988
2012-04-24,1.974
2012-04-23,1.94
2012-04-20,1.959
2012-04-19,1.968
2012-04-18,1.975
2012-04-17,1.996
2012-04-16,1.982
2012-04-13,1.989
2012-04-12,2.056
2012-04-11,2.037
2012-04-10,1.986
2012-04-09,2.047
2012-04-06,2.047
2012-04-05,2.18
2012-04-04,2.223
2012-04-03,2.293
2012-04-02,2.18
2012-03-30,2.214
2012-03-29,2.159
2012-03-28,2.201
2012-03-27,2.187
2012-03-26,2.253
2012-03-23,2.233
2012-03-22,2.282
2012-03-21,2.296
2012-03-20,2.363
2012-03-19,2.375
2012-03-16,2.298
2012-03-15,2.279
2012-03-14,2.274
2012-03-13,2.126
2012-03-12,2.037
2012-03-09,2.03
2012-03-08,2.016
2012-03-07,1.972
2012-03-06,1.95
2012-03-05,2.007
2012-03-02,1.979
2012-03-01,2.03
2012-02-29,1.974
2012-02-28,1.941
2012-02-27,1.925
2012-02-24,1.977
2012-02-23,1.996
2012-02-22,2.002
2012-02-21,2.061
2012-02-20,2.038
2012-02-17,2
2012-02-16,1.984
2012-02-15,1.933
2012-02-14,1.938
2012-02-13,1.978
2012-02-10,1.984
2012-02-09,2.036
2012-02-08,1.982
2012-02-07,1.977
2012-02-06,1.901
2012-02-03,1.924
2012-02-02,1.823
2012-02-01,1.83
2012-01-31,1.795
2012-01-30,1.846
2012-01-27,1.891
2012-01-26,1.94
2012-01-25,2.002
2012-01-24,2.063
2012-01-23,2.058
2012-01-20,2.025
2012-01-19,1.982
2012-01-18,1.898
2012-01-17,1.858
2012-01-16,1.86
2012-01-13,1.871
2012-01-12,1.926
2012-01-11,1.905
2012-01-10,1.963
2012-01-09,1.956
2012-01-06,1.958
2012-01-05,1.996
2012-01-04,1.984
2012-01-03,1.956
2012-01-02,1.873
2011-12-30,1.876
2011-12-29,1.899
2011-12-28,1.921
2011-12-27,2.002
2011-12-26,2.026
2011-12-23,2.021
2011-12-22,1.953
2011-12-21,1.97
2011-12-20,1.927
2011-12-19,1.81
2011-12-16,1.851
2011-12-15,1.911
2011-12-14,1.904
2011-12-13,1.963
2011-12-12,2.017
2011-12-09,2.063
2011-12-08,1.97
2011-12-07,2.033
2011-12-06,2.086
2011-12-05,2.033
2011-12-02,2.033
2011-12-01,2.086
2011-11-30,2.071
2011-11-29,1.988
2011-11-28,1.97
2011-11-25,1.965
2011-11-24,1.894
2011-11-23,1.888
2011-11-22,1.922
2011-11-21,1.965
2011-11-18,2.005
2011-11-17,1.965
2011-11-16,2
2011-11-15,2.049
2011-11-14,2.045
2011-11-11,2.057
2011-11-10,2.057
2011-11-09,1.966
2011-11-08,2.079
2011-11-07,2.02
2011-11-04,2.038
2011-11-03,2.073
2011-11-02,1.989
2011-11-01,1.991
2011-10-31,2.116
2011-10-28,2.324
2011-10-27,2.385
2011-10-26,2.207
2011-10-25,2.114
2011-10-24,2.234
2011-10-21,2.216
2011-10-20,2.187
2011-10-19,2.157
2011-10-18,2.175
2011-10-17,2.155
2011-10-14,2.251
2011-10-13,2.182
2011-10-12,2.212
2011-10-11,2.159
2011-10-10,2.07
2011-10-07,2.075
2011-10-06,1.992
2011-10-05,1.891
2011-10-04,1.817
2011-10-03,1.749
2011-09-30,1.917
2011-09-29,2.002
2011-09-28,1.987
2011-09-27,1.98
2011-09-26,1.904
2011-09-23,1.83
2011-09-22,1.72
2011-09-21,1.856
2011-09-20,1.937
2011-09-19,1.956
2011-09-16,2.057
2011-09-15,2.083
2011-09-14,1.992
2011-09-13,1.992
2011-09-12,1.948
2011-09-09,1.915
2011-09-08,1.977
2011-09-07,2.041
2011-09-06,1.982
2011-09-05,1.988
2011-09-02,1.994
2011-09-01,2.132
2011-08-31,2.234
2011-08-30,2.176
2011-08-29,2.264
2011-08-26,2.19
2011-08-25,2.234
2011-08-24,2.294
2011-08-23,2.158
2011-08-22,2.109
2011-08-19,2.067
2011-08-18,2.068
2011-08-17,2.167
2011-08-16,2.225
2011-08-15,2.308
2011-08-12,2.26
2011-08-11,2.333
2011-08-10,2.095
2011-08-09,2.275
2011-08-08,2.316
2011-08-05,2.563
2011-08-04,2.407
2011-08-03,2.615
2011-08-02,2.613
2011-08-01,2.753
2011-07-29,2.792
2011-07-28,2.955
2011-07-27,2.982
2011-07-26,2.955
2011-07-25,3.004
2011-07-22,2.964
2011-07-21,3.014
2011-07-20,2.931
2011-07-19,2.878
2011-07-18,2.92
2011-07-15,2.908
2011-07-14,2.953
2011-07-13,2.884
2011-07-12,2.877
2011-07-11,2.924
2011-07-08,3.03
2011-07-07,3.138
2011-07-06,3.11
2011-07-05,3.119
2011-07-04,3.2
2011-07-01,3.182
2011-06-30,3.16
2011-06-29,3.121
2011-06-28,3.034
2011-06-27,2.932
2011-06-24,2.871
2011-06-23,2.914
2011-06-22,2.98
2011-06-21,2.98
2011-06-20,2.956
2011-06-17,2.944
2011-06-16,2.926
2011-06-15,2.967
2011-06-14,3.099
2011-06-13,2.984
2011-06-10,2.973
2011-06-09,2.997
2011-06-08,2.946
2011-06-07,3
2011-06-06,2.997
2011-06-03,2.991
2011-06-02,3.031
2011-06-01,2.944
2011-05-31,3.059
2011-05-30,3.062
2011-05-27,3.072
2011-05-26,3.059
2011-05-25,3.132
2011-05-24,3.116
2011-05-23,3.129
2011-05-20,3.147
2011-05-19,3.173
2011-05-18,3.184
2011-05-17,3.114
2011-05-16,3.147
2011-05-13,3.169
2011-05-12,3.226
2011-05-11,3.156
2011-05-10,3.213
2011-05-09,3.157
2011-05-06,3.15
2011-05-05,3.152
2011-05-04,3.221
2011-05-03,3.251
2011-05-02,3.281
2011-04-29,3.29
2011-04-28,3.316
2011-04-27,3.357
2011-04-26,3.309
2011-04-25,3.366
2011-04-22,3.394
2011-04-21,3.394
2011-04-20,3.408
2011-04-19,3.365
2011-04-18,3.38
2011-04-15,3.413
2011-04-14,3.496
2011-04-13,3.458
2011-04-12,3.492
2011-04-11,3.587
2011-04-08,3.583
2011-04-07,3.549
2011-04-06,3.549
2011-04-05,3.487
2011-04-04,3.425
2011-04-01,3.45
2011-03-31,3.47
2011-03-30,3.444
2011-03-29,3.491
2011-03-28,3.441
2011-03-25,3.442
2011-03-24,3.407
2011-03-23,3.354
2011-03-22,3.328
2011-03-21,3.332
2011-03-18,3.268
2011-03-17,3.257
2011-03-16,3.192
2011-03-15,3.307
2011-03-14,3.365
2011-03-11,3.402
2011-03-10,3.362
2011-03-09,3.469
2011-03-08,3.551
2011-03-07,3.516
2011-03-04,3.492
2011-03-03,3.559
2011-03-02,3.471
2011-03-01,3.403
2011-02-28,3.422
2011-02-25,3.416
2011-02-24,3.45
2011-02-23,3.483
2011-02-22,3.459
2011-02-21,3.576
2011-02-18,3.582
2011-02-17,3.576
2011-02-16,3.623
2011-02-15,3.604
2011-02-14,3.625
2011-02-11,3.638
2011-02-10,3.702
2011-02-09,3.652
2011-02-08,3.737
2011-02-07,3.64
2011-02-04,3.638
2011-02-03,3.547
2011-02-02,3.479
2011-02-01,3.435
2011-01-31,3.374
2011-01-28,3.329
2011-01-27,3.389
2011-01-26,3.421
2011-01-25,3.33
2011-01-24,3.406
2011-01-21,3.408
2011-01-20,3.451
2011-01-19,3.337
2011-01-18,3.37
2011-01-17,3.315
2011-01-14,3.331
2011-01-13,3.299
2011-01-12,3.367
2011-01-11,3.34
2011-01-10,3.287
2011-01-07,3.328
2011-01-06,3.399
2011-01-05,3.463
2011-01-04,3.338
2011-01-03,3.334
2010-12-31,3.288
2010-12-30,3.367
2010-12-29,3.355
2010-12-28,3.482
2010-12-27,3.327
2010-12-24,3.414
2010-12-23,3.397
2010-12-22,3.348
2010-12-21,3.303
2010-12-20,3.34
2010-12-17,3.332
2010-12-16,3.434
2010-12-15,3.538
2010-12-14,3.473
2010-12-13,3.277
2010-12-10,3.323
2010-12-09,3.213
2010-12-08,3.272
2010-12-07,3.135
2010-12-06,2.929
2010-12-03,3.007
2010-12-02,2.996
2010-12-01,2.966
2010-11-30,2.797
2010-11-29,2.826
2010-11-26,2.87
2010-11-25,2.911
2010-11-24,2.912
2010-11-23,2.782
2010-11-22,2.806
2010-11-19,2.873
2010-11-18,2.901
2010-11-17,2.882
2010-11-16,2.845
2010-11-15,2.967
2010-11-12,2.789
2010-11-11,2.656
2010-11-10,2.639
2010-11-09,2.663
2010-11-08,2.558
2010-11-05,2.539
2010-11-04,2.493
2010-11-03,2.579
2010-11-02,2.587
2010-11-01,2.625
2010-10-29,2.603
2010-10-28,2.659
2010-10-27,2.722
2010-10-26,2.645
2010-10-25,2.565
2010-10-22,2.561
2010-10-21,2.542
2010-10-20,2.481
2010-10-19,2.481
2010-10-18,2.515
2010-10-15,2.567
2010-10-14,2.509
2010-10-13,2.429
2010-10-12,2.433
2010-10-11,2.389
2010-10-08,2.396
2010-10-07,2.385
2010-10-06,2.401
2010-10-05,2.474
2010-10-04,2.479
2010-10-01,2.513
2010-09-30,2.512
2010-09-29,2.505
2010-09-28,2.467
2010-09-27,2.531
2010-09-24,2.61
2010-09-23,2.553
2010-09-22,2.555
2010-09-21,2.576
2010-09-20,2.704
2010-09-17,2.739
2010-09-16,2.764
2010-09-15,2.723
2010-09-14,2.683
2010-09-13,2.746
2010-09-10,2.795
2010-09-09,2.762
2010-09-08,2.654
2010-09-07,2.598
2010-09-06,2.714
2010-09-03,2.702
2010-09-02,2.625
2010-09-01,2.58
2010-08-31,2.47
2010-08-30,2.53
2010-08-27,2.647
2010-08-26,2.481
2010-08-25,2.539
2010-08-24,2.488
2010-08-23,2.602
2010-08-20,2.614
2010-08-19,2.575
2010-08-18,2.638
2010-08-17,2.641
2010-08-16,2.573
2010-08-13,2.679
2010-08-12,2.753
2010-08-11,2.687
2010-08-10,2.768
2010-08-09,2.829
2010-08-06,2.822
2010-08-05,2.906
2010-08-04,2.953
2010-08-03,2.909
2010-08-02,2.963
2010-07-30,2.905
2010-07-29,2.988
2010-07-28,2.99
2010-07-27,3.049
2010-07-26,2.996
2010-07-23,3
2010-07-22,2.932
2010-07-21,2.882
2010-07-20,2.954
2010-07-19,2.961
2010-07-16,2.925
2010-07-15,2.997
2010-07-14,3.05
2010-07-13,3.124
2010-07-12,3.066
2010-07-09,3.056
2010-07-08,3.034
2010-07-07,2.986
2010-07-06,2.936
2010-07-05,2.98
2010-07-02,2.984
2010-07-01,2.954
2010-06-30,2.935
2010-06-29,2.953
2010-06-28,3.023
2010-06-25,3.11
2010-06-24,3.143
2010-06-23,3.124
2010-06-22,3.165
2010-06-21,3.243
2010-06-18,3.225
2010-06-17,3.194
2010-06-16,3.264
2010-06-15,3.306
2010-06-14,3.262
2010-06-11,3.233
2010-06-10,3.325
2010-06-09,3.178
2010-06-08,3.189
2010-06-07,3.146
2010-06-04,3.208
2010-06-03,3.369
2010-06-02,3.347
2010-06-01,3.263
2010-05-31,3.3
2010-05-28,3.303
2010-05-27,3.357
2010-05-26,3.192
2010-05-25,3.16
2010-05-24,3.198
2010-05-21,3.236
2010-05-20,3.216
2010-05-19,3.37
2010-05-18,3.353
2010-05-17,3.491
2010-05-14,3.455
2010-05-13,3.537
2010-05-12,3.571
2010-05-11,3.527
2010-05-10,3.544
2010-05-07,3.42
2010-05-06,3.405
2010-05-05,3.546
2010-05-04,3.598
2010-05-03,3.692
2010-04-30,3.659
2010-04-29,3.73
2010-04-28,3.767
2010-04-27,3.693
2010-04-26,3.809
2010-04-23,3.817
2010-04-22,3.77
2010-04-21,3.738
2010-04-20,3.797
2010-04-19,3.803
2010-04-16,3.77
2010-04-15,3.836
2010-04-14,3.865
2010-04-13,3.82
2010-04-12,3.838
2010-04-09,3.881
2010-04-08,3.89
2010-04-07,3.863
2010-04-06,3.956
2010-04-05,3.99
2010-04-02,3.943
2010-04-01,3.87
2010-03-31,3.833
2010-03-30,3.858
2010-03-29,3.866
2010-03-26,3.851
2010-03-25,3.881
2010-03-24,3.854
2010-03-23,3.687
2010-03-22,3.661
2010-03-19,3.693
2010-03-18,3.682
2010-03-17,3.642
2010-03-16,3.653
2010-03-15,3.697
2010-03-12,3.703
2010-03-11,3.729
2010-03-10,3.721
2010-03-09,3.7
2010-03-08,3.721
2010-03-05,3.682
2010-03-04,3.606
2010-03-03,3.621
2010-03-02,3.608
2010-03-01,3.608
2010-02-26,3.619
2010-02-25,3.632
2010-02-24,3.695
2010-02-23,3.689
2010-02-22,3.797
2010-02-19,3.776
2010-02-18,3.807
2010-02-17,3.735
2010-02-16,3.663
2010-02-12,3.695
2010-02-11,3.721
2010-02-10,3.69
2010-02-09,3.647
2010-02-08,3.562
2010-02-05,3.571
2010-02-04,3.61
2010-02-03,3.707
2010-02-02,3.64
2010-02-01,3.656
2010-01-29,3.588
2010-01-28,3.642
2010-01-27,3.65
2010-01-26,3.621
2010-01-25,3.63
2010-01-22,3.601
2010-01-21,3.595
2010-01-20,3.653
2010-01-19,3.698
2010-01-15,3.676
2010-01-14,3.742
2010-01-13,3.793
2010-01-12,3.717
2010-01-11,3.824
2010-01-08,3.836
2010-01-07,3.827
2010-01-06,3.829
2010-01-05,3.763
2010-01-04,3.823
2009-12-31,3.837
2009-12-30,3.793
2009-12-29,3.803
2009-12-28,3.848
2009-12-24,3.805
2009-12-23,3.754
2009-12-22,3.758
2009-12-21,3.68
2009-12-18,3.546
2009-12-17,3.482
2009-12-16,3.598
2009-12-15,3.594
2009-12-14,3.552
2009-12-11,3.554
2009-12-10,3.501
2009-12-09,3.433
2009-12-08,3.384
2009-12-07,3.429
2009-12-04,3.478
2009-12-03,3.379
2009-12-02,3.314
2009-12-01,3.284
2009-11-30,3.198
2009-11-27,3.207
2009-11-25,3.268
2009-11-24,3.304
2009-11-23,3.353
2009-11-20,3.369
2009-11-19,3.342
2009-11-18,3.366
2009-11-17,3.323
2009-11-16,3.349
2009-11-13,3.423
2009-11-12,3.444
2009-11-11,3.444
2009-11-10,3.478
2009-11-09,3.484
2009-11-06,3.501
2009-11-05,3.527
2009-11-04,3.52
2009-11-03,3.469
2009-11-02,3.424
2009-10-30,3.388
2009-10-29,3.495
2009-10-28,3.415
2009-10-27,3.452
2009-10-26,3.558
2009-10-23,3.494
2009-10-22,3.421
2009-10-21,3.393
2009-10-20,3.341
2009-10-19,3.387
2009-10-16,3.412
2009-10-15,3.464
2009-10-14,3.423
2009-10-13,3.352
2009-10-12,3.386
2009-10-09,3.384
2009-10-08,3.248
2009-10-07,3.186
2009-10-06,3.259
2009-10-05,3.219
2009-10-02,3.219
2009-10-01,3.181
2009-09-30,3.305
2009-09-29,3.292
2009-09-28,3.281
2009-09-25,3.322
2009-09-24,3.383
2009-09-23,3.415
2009-09-22,3.443
2009-09-21,3.482
2009-09-18,3.469
2009-09-17,3.385
2009-09-16,3.475
2009-09-15,3.447
2009-09-14,3.423
2009-09-11,3.349
2009-09-10,3.354
2009-09-09,3.475
2009-09-08,3.481
2009-09-04,3.445
2009-09-03,3.348
2009-09-02,3.309
2009-09-01,3.37
2009-08-31,3.401
2009-08-28,3.449
2009-08-27,3.453
2009-08-26,3.435
2009-08-25,3.438
2009-08-24,3.474
2009-08-21,3.569
2009-08-20,3.428
2009-08-19,3.455
2009-08-18,3.517
2009-08-17,3.472
2009-08-14,3.572
2009-08-13,3.597
2009-08-12,3.711
2009-08-11,3.672
2009-08-10,3.772
2009-08-07,3.854
2009-08-06,3.756
2009-08-05,3.762
2009-08-04,3.687
2009-08-03,3.637
2009-07-31,3.482
2009-07-30,3.615
2009-07-29,3.664
2009-07-28,3.686
2009-07-27,3.725
2009-07-24,3.66
2009-07-23,3.658
2009-07-22,3.544
2009-07-21,3.484
2009-07-20,3.612
2009-07-17,3.649
2009-07-16,3.573
2009-07-15,3.614
2009-07-14,3.474
2009-07-13,3.36
2009-07-10,3.304
2009-07-09,3.413
2009-07-08,3.306
2009-07-07,3.454
2009-07-06,3.51
2009-07-02,3.502
2009-07-01,3.548
2009-06-30,3.537
2009-06-29,3.481
2009-06-26,3.529
2009-06-25,3.544
2009-06-24,3.689
2009-06-23,3.625
2009-06-22,3.685
2009-06-19,3.773
2009-06-18,3.83
2009-06-17,3.69
2009-06-16,3.663
2009-06-15,3.715
2009-06-12,3.803
2009-06-11,3.862
2009-06-10,3.947
2009-06-09,3.868
2009-06-08,3.897
2009-06-05,3.84
2009-06-04,3.716
2009-06-03,3.536
2009-06-02,3.613
2009-06-01,3.68
2009-05-29,3.461
2009-05-28,3.612
2009-05-27,3.738
2009-05-26,3.547
2009-05-22,3.45
2009-05-21,3.368
2009-05-20,3.195
2009-05-19,3.245
2009-05-18,3.241
2009-05-15,3.134
2009-05-14,3.092
2009-05-13,3.112
2009-05-12,3.178
2009-05-11,3.176
2009-05-08,3.289
2009-05-07,3.34
2009-05-06,3.155
2009-05-05,3.169
2009-05-04,3.15
2009-05-01,3.157
2009-04-30,3.119
2009-04-29,3.107
2009-04-28,3.02
2009-04-27,2.914
2009-04-24,2.998
2009-04-23,2.929
2009-04-22,2.94
2009-04-21,2.902
2009-04-20,2.849
2009-04-17,2.951
2009-04-16,2.84
2009-04-15,2.772
2009-04-14,2.79
2009-04-13,2.863
2009-04-09,2.928
2009-04-08,2.86
2009-04-07,2.9
2009-04-06,2.932
2009-04-03,2.895
2009-04-02,2.779
2009-04-01,2.652
2009-03-31,2.668
2009-03-30,2.723
2009-03-27,2.763
2009-03-26,2.744
2009-03-25,2.793
2009-03-24,2.71
2009-03-23,2.654
2009-03-20,2.633
2009-03-19,2.611
2009-03-18,2.547
2009-03-17,3.012
2009-03-16,2.957
2009-03-13,2.896
2009-03-12,2.863
2009-03-11,2.91
2009-03-10,3.012
2009-03-09,2.861
2009-03-06,2.873
2009-03-05,2.813
2009-03-04,2.978
2009-03-03,2.886
2009-03-02,2.864
2009-02-27,3.021
2009-02-26,3
2009-02-25,2.925
2009-02-24,2.806
2009-02-23,2.755
2009-02-20,2.792
2009-02-19,2.857
2009-02-18,2.766
2009-02-17,2.651
2009-02-16,2.815
2009-02-13,2.895
2009-02-12,2.788
2009-02-11,2.757
2009-02-10,2.819
2009-02-09,2.993
2009-02-06,2.988
2009-02-05,2.919
2009-02-04,2.939
2009-02-03,2.893
2009-02-02,2.717
2009-01-30,2.851
2009-01-29,2.864
2009-01-28,2.672
2009-01-27,2.529
2009-01-26,2.646
2009-01-23,2.615
2009-01-22,2.599
2009-01-21,2.546
2009-01-20,2.382
2009-01-19,2.453
2009-01-16,2.342
2009-01-15,2.211
2009-01-14,2.206
2009-01-13,2.297
2009-01-12,2.309
2009-01-09,2.393
2009-01-08,2.445
2009-01-07,2.498
2009-01-06,2.45
2009-01-05,2.485
2009-01-02,2.361
2008-12-31,2.22
2008-12-30,2.056
2008-12-29,2.104
2008-12-26,2.137
2008-12-24,2.188
2008-12-23,2.183
2008-12-22,2.173
2008-12-19,2.131
2008-12-18,2.085
2008-12-17,2.2
2008-12-16,2.264
2008-12-15,2.519
2008-12-12,2.576
2008-12-11,2.609
2008-12-10,2.689
2008-12-09,2.652
2008-12-08,2.743
2008-12-05,2.7
2008-12-04,2.553
2008-12-03,2.657
2008-12-02,2.693
2008-12-01,2.729
2008-11-28,2.92
2008-11-27,3.005
2008-11-26,2.989
2008-11-25,3.111
2008-11-24,3.329
2008-11-21,3.223
2008-11-20,3.008
2008-11-19,3.337
2008-11-18,3.529
2008-11-17,3.658
2008-11-14,3.731
2008-11-13,3.856
2008-11-12,3.656
2008-11-10,3.759
2008-11-07,3.793
2008-11-06,3.691
2008-11-05,3.704
2008-11-04,3.732
2008-11-03,3.912
2008-10-31,3.97
2008-10-30,3.972
2008-10-29,3.858
2008-10-28,3.847
2008-10-27,3.693
2008-10-24,3.682
2008-10-23,3.678
2008-10-22,3.598
2008-10-21,3.737
2008-10-20,3.861
2008-10-17,3.938
2008-10-16,3.969
2008-10-15,3.955
2008-10-14,4.081
2008-10-13,4.085
2008-10-10,3.876
2008-10-09,3.785
2008-10-08,3.648
2008-10-07,3.506
2008-10-06,3.462
2008-10-03,3.603
2008-10-02,3.631
2008-10-01,3.746
2008-09-30,3.829
2008-09-29,3.574
2008-09-26,3.858
2008-09-25,3.854
2008-09-24,3.812
2008-09-23,3.805
2008-09-22,3.846
2008-09-19,3.816
2008-09-18,3.549
2008-09-17,3.421
2008-09-16,3.439
2008-09-15,3.39
2008-09-12,3.722
2008-09-11,3.648
2008-09-10,3.637
2008-09-09,3.574
2008-09-08,3.695
2008-09-05,3.699
2008-09-04,3.628
2008-09-03,3.705
2008-09-02,3.738
2008-08-29,3.825
2008-08-28,3.784
2008-08-27,3.765
2008-08-26,3.78
2008-08-25,3.786
2008-08-22,3.874
2008-08-21,3.833
2008-08-20,3.805
2008-08-19,3.837
2008-08-18,3.818
2008-08-15,3.844
2008-08-14,3.897
2008-08-13,3.939
2008-08-12,3.901
2008-08-11,3.998
2008-08-08,3.935
2008-08-07,3.928
2008-08-06,4.06
2008-08-05,4.022
2008-08-04,3.97
2008-08-01,3.942
2008-07-31,3.958
2008-07-30,4.05
2008-07-29,4.044
2008-07-28,4.007
2008-07-25,4.103
2008-07-24,3.999
2008-07-23,4.12
2008-07-22,4.105
2008-07-21,4.04
2008-07-18,4.089
2008-07-17,3.997
2008-07-16,3.938
2008-07-15,3.828
2008-07-14,3.863
2008-07-11,3.973
2008-07-10,3.8
2008-07-09,3.817
2008-07-08,3.888
2008-07-07,3.909
2008-07-04,3.987
2008-07-03,3.99
2008-07-02,3.959
2008-07-01,4.008
2008-06-30,3.975
2008-06-27,3.969
2008-06-26,4.031
2008-06-25,4.103
2008-06-24,4.103
2008-06-23,4.166
2008-06-20,4.168
2008-06-19,4.209
2008-06-18,4.142
2008-06-17,4.199
2008-06-16,4.279
2008-06-13,4.261
2008-06-12,4.215
2008-06-11,4.075
2008-06-10,4.097
2008-06-09,4.025
2008-06-06,3.928
2008-06-05,4.044
2008-06-04,3.982
2008-06-03,3.894
2008-06-02,3.967
2008-05-30,4.067
2008-05-29,4.079
2008-05-28,3.999
2008-05-27,3.921
2008-05-26,3.858
2008-05-23,3.85
2008-05-22,3.923
2008-05-21,3.807
2008-05-20,3.78
2008-05-19,3.835
2008-05-16,3.854
2008-05-15,3.82
2008-05-14,3.919
2008-05-13,3.913
2008-05-12,3.799
2008-05-09,3.779
2008-05-08,3.782
2008-05-07,3.849
2008-05-06,3.922
2008-05-05,3.873
2008-05-02,3.859
2008-05-01,3.769
2008-04-30,3.734
2008-04-29,3.825
2008-04-28,3.831
2008-04-25,3.872
2008-04-24,3.835
2008-04-23,3.737
2008-04-22,3.699
2008-04-21,3.731
2008-04-18,3.708
2008-04-17,3.725
2008-04-16,3.714
2008-04-15,3.606
2008-04-14,3.513
2008-04-11,3.479
2008-04-10,3.545
2008-04-09,3.481
2008-04-08,3.564
2008-04-07,3.547
2008-04-04,3.47
2008-04-03,3.594
2008-04-02,3.604
2008-04-01,3.558
2008-03-31,3.421
2008-03-28,3.441
2008-03-27,3.524
2008-03-26,3.464
2008-03-25,3.513
2008-03-24,3.558
2008-03-20,3.341
2008-03-19,3.33
2008-03-18,3.503
2008-03-17,3.297
2008-03-14,3.466
2008-03-13,3.526
2008-03-12,3.44
2008-03-11,3.6
2008-03-10,3.466
2008-03-07,3.541
2008-03-06,3.594
2008-03-05,3.681
2008-03-04,3.63
2008-03-03,3.554
2008-02-29,3.519
2008-02-28,3.672
2008-02-27,3.852
2008-02-26,3.858
2008-02-25,3.91
2008-02-22,3.805
2008-02-21,3.786
2008-02-20,3.892
2008-02-19,3.908
2008-02-15,3.765
2008-02-14,3.822
2008-02-13,3.736
2008-02-12,3.662
2008-02-11,3.618
2008-02-08,3.65
2008-02-07,3.772
2008-02-06,3.598
2008-02-05,3.568
2008-02-04,3.644
2008-02-01,3.596
2008-01-31,3.597
2008-01-30,3.647
2008-01-29,3.679
2008-01-28,3.583
2008-01-25,3.557
2008-01-24,3.704
2008-01-23,3.605
2008-01-22,3.415
2008-01-21,3.501
2008-01-18,3.637
2008-01-17,3.63
2008-01-16,3.74
2008-01-15,3.681
2008-01-14,3.772
2008-01-11,3.791
2008-01-10,3.889
2008-01-09,3.825
2008-01-08,3.78
2008-01-07,3.837
2008-01-04,3.875
2008-01-03,3.894
2008-01-02,3.905
2007-12-31,4.035
2007-12-28,4.077
2007-12-27,4.203
2007-12-26,4.285
2007-12-24,4.214
2007-12-21,4.172
2007-12-20,4.054
2007-12-19,4.034
2007-12-18,4.122
2007-12-17,4.151
2007-12-14,4.242
2007-12-13,4.213
2007-12-12,4.091
2007-12-11,3.973
2007-12-10,4.162
2007-12-07,4.109
2007-12-06,4.017
2007-12-05,3.955
2007-12-04,3.902
2007-12-03,3.852
2007-11-30,3.949
2007-11-29,3.929
2007-11-28,4.046
2007-11-27,3.951
2007-11-26,3.845
2007-11-23,4.006
2007-11-22,4.012
2007-11-21,4.016
2007-11-20,4.094
2007-11-19,4.077
2007-11-16,4.175
2007-11-15,4.14
2007-11-14,4.254
2007-11-13,4.269
2007-11-12,4.213
2007-11-09,4.21
2007-11-08,4.289
2007-11-07,4.301
2007-11-06,4.38
2007-11-05,4.338
2007-11-02,4.318
2007-11-01,4.348
2007-10-31,4.473
2007-10-30,4.387
2007-10-29,4.385
2007-10-26,4.403
2007-10-25,4.385
2007-10-24,4.347
2007-10-23,4.413
2007-10-22,4.413
2007-10-19,4.397
2007-10-18,4.499
2007-10-17,4.554
2007-10-16,4.657
2007-10-15,4.681
2007-10-12,4.687
2007-10-11,4.644
2007-10-10,4.655
2007-10-09,4.654
2007-10-08,4.652
2007-10-05,4.642
2007-10-04,4.516
2007-10-03,4.561
2007-10-02,4.527
2007-10-01,4.549
2007-09-28,4.594
2007-09-27,4.569
2007-09-26,4.626
2007-09-25,4.63
2007-09-24,4.638
2007-09-21,4.628
2007-09-20,4.7
2007-09-19,4.544
2007-09-18,4.47
2007-09-17,4.466
2007-09-14,4.456
2007-09-13,4.466
2007-09-12,4.416
2007-09-11,4.374
2007-09-10,4.322
2007-09-07,4.385
2007-09-06,4.519
2007-09-05,4.465
2007-09-04,4.553
2007-08-31,4.527
2007-08-30,4.512
2007-08-29,4.565
2007-08-28,4.506
2007-08-27,4.571
2007-08-24,4.614
2007-08-23,4.651
2007-08-22,4.649
2007-08-21,4.596
2007-08-20,4.63
2007-08-17,4.689
2007-08-16,4.702
2007-08-15,4.728
2007-08-14,4.724
2007-08-13,4.766
2007-08-10,4.812
2007-08-09,4.78
2007-08-08,4.883
2007-08-07,4.782
2007-08-06,4.739
2007-08-03,4.678
2007-08-02,4.771
2007-08-01,4.794
2007-07-31,4.733
2007-07-30,4.808
2007-07-27,4.763
2007-07-26,4.806
2007-07-25,4.902
2007-07-24,4.909
2007-07-23,4.954
2007-07-20,4.952
2007-07-19,5.02
2007-07-18,5.035
2007-07-17,5.055
2007-07-16,5.043
2007-07-13,5.097
2007-07-12,5.13
2007-07-11,5.09
2007-07-10,5.029
2007-07-09,5.134
2007-07-06,5.187
2007-07-05,5.144
2007-07-04,5.066
2007-07-03,5.045
2007-07-02,4.989
2007-06-29,5.027
2007-06-28,5.11
2007-06-27,5.087
2007-06-26,5.084
2007-06-25,5.086
2007-06-22,5.136
2007-06-21,5.186
2007-06-20,5.136
2007-06-19,5.088
2007-06-18,5.14
2007-06-15,5.169
2007-06-14,5.225
2007-06-13,5.202
2007-06-12,5.289
2007-06-11,5.168
2007-06-08,5.107
2007-06-07,5.141
2007-06-06,4.968
2007-06-05,4.997
2007-06-04,4.929
2007-06-01,4.956
2007-05-31,4.892
2007-05-30,4.87
2007-05-29,4.888
2007-05-28,4.873
2007-05-25,4.865
2007-05-24,4.845
2007-05-23,4.849
2007-05-22,4.832
2007-05-21,4.788
2007-05-18,4.806
2007-05-17,4.76
2007-05-16,4.716
2007-05-15,4.708
2007-05-14,4.7
2007-05-11,4.676
2007-05-10,4.642
2007-05-09,4.672
2007-05-08,4.638
2007-05-07,4.632
2007-05-04,4.644
2007-05-03,4.682
2007-05-02,4.65
2007-05-01,4.642
2007-04-30,4.628
2007-04-27,4.699
2007-04-26,4.7
2007-04-25,4.658
2007-04-24,4.624
2007-04-23,4.646
2007-04-20,4.674
2007-04-19,4.67
2007-04-18,4.656
2007-04-17,4.684
2007-04-16,4.737
2007-04-13,4.765
2007-04-12,4.74
2007-04-11,4.737
2007-04-10,4.726
2007-04-09,4.751
2007-04-06,4.757
2007-04-05,4.684
2007-04-04,4.654
2007-04-03,4.67
2007-04-02,4.646
2007-03-30,4.648
2007-03-29,4.642
2007-03-28,4.624
2007-03-27,4.605
2007-03-26,4.607
2007-03-23,4.617
2007-03-22,4.589
2007-03-21,4.54
2007-03-20,4.555
2007-03-19,4.569
2007-03-16,4.549
2007-03-15,4.544
2007-03-14,4.54
2007-03-13,4.491
2007-03-12,4.559
2007-03-09,4.591
2007-03-08,4.518
2007-03-07,4.493
2007-03-06,4.534
2007-03-05,4.495
2007-03-02,4.503
2007-03-01,4.554
