"Date	",Close_US3M
2024-04-03,5.384
2024-04-02,5.395
2024-04-01,5.367
2024-03-28,5.36
2024-03-27,5.363
2024-03-26,5.366
2024-03-25,5.372
2024-03-22,5.368
2024-03-21,5.381
2024-03-20,5.381
2024-03-19,5.387
2024-03-18,5.385
2024-03-15,5.389
2024-03-14,5.396
2024-03-13,5.392
2024-03-12,5.389
2024-03-11,5.393
2024-03-08,5.378
2024-03-07,5.383
2024-03-06,5.379
2024-03-05,5.379
2024-03-04,5.37
2024-03-01,5.365
2024-02-29,5.373
2024-02-28,5.389
2024-02-27,5.395
2024-02-26,5.416
2024-02-23,5.411
2024-02-22,5.406
2024-02-21,5.399
2024-02-20,5.378
2024-02-19,5.424
2024-02-16,5.392
2024-02-15,5.385
2024-02-14,5.386
2024-02-13,5.404
2024-02-12,5.392
2024-02-09,5.388
2024-02-08,5.39
2024-02-07,5.386
2024-02-06,5.386
2024-02-05,5.392
2024-02-02,5.375
2024-02-01,5.372
2024-01-31,5.365
2024-01-30,5.37
2024-01-29,5.366
2024-01-26,5.367
2024-01-25,5.362
2024-01-24,5.373
2024-01-23,5.373
2024-01-22,5.369
2024-01-19,5.367
2024-01-18,5.372
2024-01-17,5.378
2024-01-16,5.371
2024-01-15,5.395
2024-01-12,5.361
2024-01-11,5.382
2024-01-10,5.388
2024-01-09,5.394
2024-01-08,5.387
2024-01-05,5.388
2024-01-04,5.395
2024-01-03,5.399
2024-01-02,5.378
2024-01-01,5.364
2023-12-29,5.351
2023-12-28,5.395
2023-12-27,5.399
2023-12-26,5.373
2023-12-25,5.392
2023-12-22,5.379
2023-12-21,5.38
2023-12-20,5.394
2023-12-19,5.404
2023-12-18,5.395
2023-12-15,5.39
2023-12-14,5.382
2023-12-13,5.391
2023-12-12,5.415
2023-12-11,5.397
2023-12-08,5.398
2023-12-07,5.401
2023-12-06,5.407
2023-12-05,5.407
2023-12-04,5.392
2023-12-01,5.388
2023-11-30,5.403
2023-11-29,5.404
2023-11-28,5.425
2023-11-27,5.424
2023-11-24,5.424
2023-11-23,5.441
2023-11-22,5.429
2023-11-21,5.419
2023-11-20,5.405
2023-11-17,5.401
2023-11-16,5.408
2023-11-15,5.42
2023-11-14,5.417
2023-11-13,5.426
2023-11-10,5.411
2023-11-09,5.429
2023-11-08,5.433
2023-11-07,5.443
2023-11-06,5.426
2023-11-03,5.43
2023-11-02,5.44
2023-11-01,5.467
2023-10-31,5.488
2023-10-30,5.481
2023-10-27,5.477
2023-10-26,5.479
2023-10-25,5.482
2023-10-24,5.48
2023-10-23,5.465
2023-10-20,5.471
2023-10-19,5.487
2023-10-18,5.498
2023-10-17,5.511
2023-10-16,5.497
2023-10-13,5.497
2023-10-12,5.51
2023-10-11,5.503
2023-10-10,5.496
2023-10-09,5.53
2023-10-06,5.517
2023-10-05,5.502
2023-10-04,5.503
2023-10-03,5.509
2023-10-02,5.486
2023-09-29,5.477
2023-09-28,5.479
2023-09-27,5.503
2023-09-26,5.498
2023-09-25,5.481
2023-09-22,5.482
2023-09-21,5.484
2023-09-20,5.482
2023-09-19,5.477
2023-09-18,5.465
2023-09-15,5.466
2023-09-14,5.471
2023-09-13,5.472
2023-09-12,5.477
2023-09-11,5.46
2023-09-08,5.471
2023-09-07,5.458
2023-09-06,5.472
2023-09-05,5.449
2023-09-04,5.492
2023-09-01,5.444
2023-08-31,5.479
2023-08-30,5.482
2023-08-29,5.488
2023-08-28,5.503
2023-08-25,5.485
2023-08-24,5.475
2023-08-23,5.468
2023-08-22,5.462
2023-08-21,5.444
2023-08-18,5.445
2023-08-17,5.448
2023-08-16,5.451
2023-08-15,5.451
2023-08-14,5.442
2023-08-11,5.432
2023-08-10,5.437
2023-08-09,5.446
2023-08-08,5.462
2023-08-07,5.434
2023-08-04,5.43
2023-08-03,5.437
2023-08-02,5.425
2023-08-01,5.43
2023-07-31,5.424
2023-07-28,5.432
2023-07-27,5.437
2023-07-26,5.438
2023-07-25,5.435
2023-07-24,5.418
2023-07-21,5.424
2023-07-20,5.416
2023-07-19,5.412
2023-07-18,5.412
2023-07-17,5.403
2023-07-14,5.411
2023-07-13,5.395
2023-07-12,5.399
2023-07-11,5.412
2023-07-10,5.39
2023-07-07,5.388
2023-07-06,5.38
2023-07-05,5.36
2023-07-04,5.385
2023-07-03,5.313
2023-06-30,5.323
2023-06-29,5.348
2023-06-28,5.331
2023-06-27,5.341
2023-06-26,5.319
2023-06-23,5.304
2023-06-22,5.304
2023-06-21,5.3
2023-06-20,5.233
2023-06-19,5.278
2023-06-16,5.233
2023-06-15,5.223
2023-06-14,5.253
2023-06-13,5.263
2023-06-12,5.259
2023-06-09,5.265
2023-06-08,5.265
2023-06-07,5.318
2023-06-06,5.334
2023-06-05,5.322
2023-06-02,5.393
2023-06-01,5.385
2023-05-31,5.417
2023-05-30,5.311
2023-05-29,5.357
2023-05-26,5.322
2023-05-25,5.372
2023-05-24,5.352
2023-05-23,5.328
2023-05-22,5.278
2023-05-19,5.258
2023-05-18,5.294
2023-05-17,5.261
2023-05-16,5.219
2023-05-15,5.176
2023-05-12,5.216
2023-05-11,5.184
2023-05-10,5.232
2023-05-09,5.281
2023-05-08,5.254
2023-05-05,5.265
2023-05-04,5.268
2023-05-03,5.258
2023-05-02,5.227
2023-05-01,5.051
2023-04-28,5.104
2023-04-27,5.195
2023-04-26,5.143
2023-04-25,5.12
2023-04-24,5.061
2023-04-21,5.117
2023-04-20,5.101
2023-04-19,5.154
2023-04-18,5.19
2023-04-17,5.108
2023-04-14,5.096
2023-04-13,5.028
2023-04-12,5.013
2023-04-11,5.034
2023-04-10,5.002
2023-04-07,4.947
2023-04-06,4.885
2023-04-05,4.851
2023-04-04,4.885
2023-04-03,4.739
2023-03-31,4.802
2023-03-30,4.814
2023-03-29,4.773
2023-03-28,4.771
2023-03-27,4.752
2023-03-24,4.665
2023-03-23,4.671
2023-03-22,4.719
2023-03-21,4.753
2023-03-20,4.62
2023-03-17,4.459
2023-03-16,4.708
2023-03-15,4.755
2023-03-14,4.836
2023-03-13,4.83
2023-03-10,4.955
2023-03-09,5.01
2023-03-08,5.036
2023-03-07,5.013
2023-03-06,4.872
2023-03-03,4.875
2023-03-02,4.869
2023-03-01,4.867
2023-02-28,4.857
2023-02-27,4.804
2023-02-24,4.833
2023-02-23,4.832
2023-02-22,4.828
2023-02-21,4.816
2023-02-20,4.84
2023-02-17,4.814
2023-02-16,4.801
2023-02-15,4.773
2023-02-14,4.786
2023-02-13,4.778
2023-02-10,4.773
2023-02-09,4.741
2023-02-08,4.714
2023-02-07,4.703
2023-02-06,4.666
2023-02-03,4.659
2023-02-02,4.64
2023-02-01,4.656
2023-01-31,4.693
2023-01-30,4.661
2023-01-27,4.677
2023-01-26,4.669
2023-01-25,4.675
2023-01-24,4.695
2023-01-23,4.669
2023-01-20,4.662
2023-01-19,4.666
2023-01-18,4.651
2023-01-17,4.617
2023-01-16,4.661
2023-01-13,4.62
2023-01-12,4.609
2023-01-11,4.677
2023-01-10,4.688
2023-01-09,4.615
2023-01-06,4.626
2023-01-05,4.622
2023-01-04,4.516
2023-01-03,4.373
2023-01-02,4.395
2022-12-30,4.405
2022-12-29,4.423
2022-12-28,4.457
2022-12-27,4.311
2022-12-26,4.369
2022-12-23,4.335
2022-12-22,4.332
2022-12-21,4.33
2022-12-20,4.356
2022-12-19,4.283
2022-12-16,4.292
2022-12-15,4.327
2022-12-14,4.345
2022-12-13,4.358
2022-12-12,4.289
2022-12-09,4.294
2022-12-08,4.27
2022-12-07,4.301
2022-12-06,4.371
2022-12-05,4.312
2022-12-02,4.32
2022-12-01,4.316
2022-11-30,4.364
2022-11-29,4.384
2022-11-28,4.402
2022-11-25,4.305
2022-11-24,4.36
2022-11-23,4.314
2022-11-22,4.311
2022-11-21,4.216
2022-11-18,4.25
2022-11-17,4.234
2022-11-16,4.232
2022-11-15,4.237
2022-11-14,4.181
2022-11-10,4.196
2022-11-09,4.203
2022-11-08,4.2
2022-11-07,4.09
2022-11-04,4.118
2022-11-03,4.135
2022-11-02,4.138
2022-11-01,4.154
2022-10-31,4.09
2022-10-28,4.082
2022-10-27,4.047
2022-10-26,4.032
2022-10-25,4.066
2022-10-24,4.02
2022-10-21,3.992
2022-10-20,4.001
2022-10-19,3.996
2022-10-18,3.934
2022-10-17,3.78
2022-10-14,3.723
2022-10-13,3.696
2022-10-12,3.622
2022-10-11,3.442
2022-10-10,3.427
2022-10-07,3.378
2022-10-06,3.381
2022-10-05,3.392
2022-10-04,3.395
2022-10-03,3.251
2022-09-30,3.283
2022-09-29,3.314
2022-09-28,3.374
2022-09-27,3.328
2022-09-26,3.272
2022-09-23,3.195
2022-09-22,3.232
2022-09-21,3.292
2022-09-20,3.348
2022-09-19,3.128
2022-09-16,3.167
2022-09-15,3.186
2022-09-14,3.212
2022-09-13,3.263
2022-09-12,3.071
2022-09-09,3.041
2022-09-08,3.029
2022-09-07,3.047
2022-09-06,2.935
2022-09-05,2.922
2022-09-02,2.909
2022-09-01,2.954
2022-08-31,2.931
2022-08-30,2.944
2022-08-29,2.886
2022-08-26,2.838
2022-08-25,2.8
2022-08-24,2.78
2022-08-23,2.769
2022-08-22,2.755
2022-08-19,2.686
2022-08-18,2.669
2022-08-17,2.641
2022-08-16,2.661
2022-08-15,2.588
2022-08-12,2.563
2022-08-11,2.558
2022-08-10,2.597
2022-08-09,2.633
2022-08-08,2.529
2022-08-05,2.53
2022-08-04,2.443
2022-08-03,2.487
2022-08-02,2.533
2022-08-01,2.386
2022-07-29,2.373
2022-07-28,2.386
2022-07-27,2.451
2022-07-26,2.53
2022-07-25,2.486
2022-07-22,2.448
2022-07-21,2.458
2022-07-20,2.492
2022-07-19,2.505
2022-07-18,2.37
2022-07-15,2.335
2022-07-14,2.399
2022-07-13,2.376
2022-07-12,2.205
2022-07-11,2.061
2022-07-08,1.963
2022-07-07,1.948
2022-07-06,1.885
2022-07-05,1.731
2022-07-04,1.754
2022-07-01,1.71
2022-06-30,1.7
2022-06-29,1.757
2022-06-28,1.78
2022-06-27,1.685
2022-06-24,1.687
2022-06-23,1.634
2022-06-22,1.593
2022-06-21,1.58
2022-06-20,1.649
2022-06-17,1.593
2022-06-16,1.585
2022-06-15,1.757
2022-06-14,1.795
2022-06-13,1.554
2022-06-10,1.363
2022-06-09,1.274
2022-06-08,1.264
2022-06-07,1.256
2022-06-06,1.22
2022-06-03,1.185
2022-06-02,1.146
2022-06-01,1.131
2022-05-31,1.067
2022-05-30,1.08
2022-05-27,1.088
2022-05-26,1.055
2022-05-25,1.073
2022-05-24,1.065
2022-05-23,1.029
2022-05-20,1.034
2022-05-19,1.047
2022-05-18,1.039
2022-05-17,1.07
2022-05-16,1.027
2022-05-13,0.988
2022-05-12,0.94
2022-05-11,0.904
2022-05-10,0.907
2022-05-09,0.833
2022-05-06,0.848
2022-05-05,0.851
2022-05-04,0.922
2022-05-03,0.925
2022-05-02,0.8
2022-04-29,0.841
2022-04-28,0.825
2022-04-27,0.828
2022-04-26,0.856
2022-04-25,0.83
2022-04-22,0.828
2022-04-21,0.828
2022-04-20,0.823
2022-04-19,0.856
2022-04-18,0.78
2022-04-14,0.787
2022-04-13,0.757
2022-04-12,0.759
2022-04-11,0.706
2022-04-08,0.698
2022-04-07,0.683
2022-04-06,0.688
2022-04-05,0.688
2022-04-04,0.566
2022-04-01,0.528
2022-03-31,0.52
2022-03-30,0.538
2022-03-29,0.574
2022-03-28,0.556
2022-03-25,0.538
2022-03-24,0.52
2022-03-23,0.497
2022-03-22,0.538
2022-03-21,0.492
2022-03-18,0.414
2022-03-17,0.396
2022-03-16,0.459
2022-03-15,0.464
2022-03-14,0.424
2022-03-11,0.396
2022-03-10,0.396
2022-03-09,0.381
2022-03-08,0.375
2022-03-07,0.34
2022-03-04,0.335
2022-03-03,0.365
2022-03-02,0.335
2022-03-01,0.332
2022-02-28,0.322
2022-02-25,0.348
2022-02-24,0.322
2022-02-23,0.355
2022-02-22,0.355
2022-02-21,0.345
2022-02-18,0.358
2022-02-17,0.365
2022-02-16,0.383
2022-02-15,0.416
2022-02-14,0.391
2022-02-11,0.373
2022-02-10,0.409
2022-02-09,0.279
2022-02-08,0.284
2022-02-07,0.223
2022-02-04,0.238
2022-02-03,0.205
2022-02-02,0.193
2022-02-01,0.216
2022-01-31,0.185
2022-01-28,0.19
2022-01-27,0.205
2022-01-26,0.2
2022-01-25,0.193
2022-01-24,0.17
2022-01-21,0.17
2022-01-20,0.18
2022-01-19,0.172
2022-01-18,0.142
2022-01-17,0.14
2022-01-14,0.129
2022-01-13,0.122
2022-01-12,0.122
2022-01-11,0.127
2022-01-10,0.099
2022-01-07,0.096
2022-01-06,0.101
2022-01-05,0.091
2022-01-04,0.086
2022-01-03,0.063
2021-12-31,0.053
2021-12-30,0.046
2021-12-29,0.051
2021-12-28,0.061
2021-12-27,0.056
2021-12-23,0.071
2021-12-22,0.071
2021-12-21,0.071
2021-12-20,0.076
2021-12-17,0.051
2021-12-16,0.046
2021-12-15,0.051
2021-12-14,0.058
2021-12-13,0.056
2021-12-10,0.063
2021-12-09,0.063
2021-12-08,0.066
2021-12-07,0.063
2021-12-06,0.053
2021-12-03,0.053
2021-12-02,0.053
2021-12-01,0.056
2021-11-30,0.053
2021-11-29,0.048
2021-11-26,0.053
2021-11-25,0.061
2021-11-24,0.061
2021-11-23,0.051
2021-11-22,0.051
2021-11-19,0.051
2021-11-18,0.051
2021-11-17,0.051
2021-11-16,0.046
2021-11-15,0.046
2021-11-12,0.053
2021-11-11,0.051
2021-11-10,0.051
2021-11-09,0.046
2021-11-08,0.041
2021-11-05,0.046
2021-11-04,0.041
2021-11-03,0.051
2021-11-02,0.051
2021-11-01,0.048
2021-10-29,0.058
2021-10-28,0.056
2021-10-27,0.056
2021-10-26,0.056
2021-10-25,0.056
2021-10-22,0.061
2021-10-21,0.056
2021-10-20,0.056
2021-10-19,0.056
2021-10-18,0.053
2021-10-15,0.048
2021-10-14,0.046
2021-10-13,0.051
2021-10-12,0.051
2021-10-11,0.053
2021-10-08,0.051
2021-10-07,0.053
2021-10-06,0.046
2021-10-05,0.041
2021-10-04,0.038
2021-10-01,0.038
2021-09-30,0.038
2021-09-29,0.041
2021-09-28,0.041
2021-09-27,0.03
2021-09-24,0.035
2021-09-23,0.03
2021-09-22,0.03
2021-09-21,0.025
2021-09-20,0.03
2021-09-17,0.038
2021-09-16,0.035
2021-09-15,0.041
2021-09-14,0.041
2021-09-13,0.048
2021-09-10,0.048
2021-09-09,0.046
2021-09-08,0.046
2021-09-07,0.041
2021-09-06,0.046
2021-09-03,0.046
2021-09-02,0.046
2021-09-01,0.046
2021-08-31,0.046
2021-08-30,0.046
2021-08-27,0.053
2021-08-26,0.053
2021-08-25,0.051
2021-08-24,0.058
2021-08-23,0.051
2021-08-20,0.053
2021-08-19,0.053
2021-08-18,0.061
2021-08-17,0.074
2021-08-16,0.063
2021-08-13,0.053
2021-08-12,0.051
2021-08-11,0.051
2021-08-10,0.056
2021-08-09,0.051
2021-08-06,0.051
2021-08-05,0.053
2021-08-04,0.051
2021-08-03,0.051
2021-08-02,0.048
2021-07-30,0.046
2021-07-29,0.046
2021-07-28,0.051
2021-07-27,0.051
2021-07-26,0.046
2021-07-23,0.051
2021-07-22,0.048
2021-07-21,0.051
2021-07-20,0.051
2021-07-19,0.046
2021-07-16,0.046
2021-07-15,0.048
2021-07-14,0.051
2021-07-13,0.051
2021-07-12,0.053
2021-07-09,0.053
2021-07-08,0.053
2021-07-07,0.053
2021-07-06,0.048
2021-07-05,0.046
2021-07-02,0.051
2021-07-01,0.048
2021-06-30,0.046
2021-06-29,0.051
2021-06-28,0.051
2021-06-25,0.053
2021-06-24,0.053
2021-06-23,0.046
2021-06-22,0.043
2021-06-21,0.041
2021-06-18,0.041
2021-06-17,0.038
2021-06-16,0.048
2021-06-15,0.025
2021-06-14,0.025
2021-06-11,0.028
2021-06-10,0.025
2021-06-09,0.025
2021-06-08,0.025
2021-06-07,0.025
2021-06-04,0.02
2021-06-03,0.02
2021-06-02,0.02
2021-06-01,0.015
2021-05-31,0.015
2021-05-28,0.013
2021-05-27,0.01
2021-05-26,0.01
2021-05-25,0.015
2021-05-24,0.01
2021-05-21,0.005
2021-05-20,0.008
2021-05-19,0.015
2021-05-18,0.015
2021-05-17,0.01
2021-05-14,0.01
2021-05-13,0.013
2021-05-12,0.015
2021-05-11,0.015
2021-05-10,0.01
2021-05-07,0.015
2021-05-06,0.015
2021-05-05,0.018
2021-05-04,0.015
2021-05-03,0.015
2021-04-30,0.013
2021-04-29,0.013
2021-04-28,0.018
2021-04-27,0.015
2021-04-26,0.015
2021-04-23,0.02
2021-04-22,0.02
2021-04-21,0.023
2021-04-20,0.025
2021-04-19,0.02
2021-04-16,0.018
2021-04-15,0.015
2021-04-14,0.02
2021-04-13,0.02
2021-04-12,0.018
2021-04-09,0.013
2021-04-08,0.015
2021-04-07,0.015
2021-04-06,0.02
2021-04-05,0.02
2021-04-02,0.02
2021-04-01,0.018
2021-03-31,0.023
2021-03-30,0.023
2021-03-29,0.015
2021-03-26,0.02
2021-03-25,0.02
2021-03-24,0.02
2021-03-23,0.015
2021-03-22,0.01
2021-03-19,0.01
2021-03-18,0.015
2021-03-17,0.018
2021-03-16,0.018
2021-03-15,0.025
2021-03-12,0.03
2021-03-11,0.038
2021-03-10,0.041
2021-03-09,0.041
2021-03-08,0.041
2021-03-05,0.038
2021-03-04,0.038
2021-03-03,0.041
2021-03-02,0.041
2021-03-01,0.035
2021-02-26,0.041
2021-02-25,0.043
2021-02-24,0.033
2021-02-23,0.033
2021-02-22,0.03
2021-02-19,0.033
2021-02-18,0.038
2021-02-17,0.041
2021-02-16,0.041
2021-02-15,0.041
2021-02-12,0.041
2021-02-11,0.041
2021-02-10,0.041
2021-02-09,0.041
2021-02-08,0.03
2021-02-05,0.033
2021-02-04,0.038
2021-02-03,0.046
2021-02-02,0.056
2021-02-01,0.056
2021-01-29,0.058
2021-01-28,0.063
2021-01-27,0.071
2021-01-26,0.079
2021-01-25,0.076
2021-01-22,0.079
2021-01-21,0.081
2021-01-20,0.081
2021-01-19,0.089
2021-01-18,0.081
2021-01-15,0.081
2021-01-14,0.081
2021-01-13,0.086
2021-01-12,0.086
2021-01-11,0.086
2021-01-08,0.086
2021-01-07,0.086
2021-01-06,0.089
2021-01-05,0.084
2021-01-04,0.079
2020-12-31,0.079
2020-12-30,0.081
2020-12-29,0.096
2020-12-28,0.094
2020-12-24,0.089
2020-12-23,0.086
2020-12-22,0.089
2020-12-21,0.089
2020-12-18,0.086
2020-12-17,0.086
2020-12-16,0.081
2020-12-15,0.076
2020-12-14,0.071
2020-12-11,0.071
2020-12-10,0.079
2020-12-09,0.076
2020-12-08,0.079
2020-12-07,0.076
2020-12-04,0.081
2020-12-03,0.081
2020-12-02,0.081
2020-12-01,0.086
2020-11-30,0.081
2020-11-27,0.081
2020-11-26,0.097
2020-11-25,0.086
2020-11-24,0.086
2020-11-23,0.076
2020-11-20,0.068
2020-11-19,0.066
2020-11-18,0.086
2020-11-17,0.086
2020-11-16,0.084
2020-11-13,0.091
2020-11-12,0.091
2020-11-11,0.096
2020-11-10,0.096
2020-11-09,0.096
2020-11-06,0.094
2020-11-05,0.091
2020-11-04,0.094
2020-11-03,0.096
2020-11-02,0.091
2020-10-30,0.094
2020-10-29,0.094
2020-10-28,0.096
2020-10-27,0.096
2020-10-26,0.089
2020-10-23,0.094
2020-10-22,0.091
2020-10-21,0.096
2020-10-20,0.101
2020-10-19,0.096
2020-10-16,0.096
2020-10-15,0.104
2020-10-14,0.106
2020-10-13,0.099
2020-10-09,0.101
2020-10-08,0.096
2020-10-07,0.099
2020-10-06,0.099
2020-10-05,0.096
2020-10-02,0.091
2020-10-01,0.091
2020-09-30,0.096
2020-09-29,0.096
2020-09-28,0.094
2020-09-25,0.101
2020-09-24,0.099
2020-09-23,0.099
2020-09-22,0.099
2020-09-21,0.086
2020-09-18,0.091
2020-09-17,0.094
2020-09-16,0.112
2020-09-15,0.112
2020-09-14,0.109
2020-09-11,0.112
2020-09-10,0.114
2020-09-09,0.112
2020-09-08,0.119
2020-09-04,0.112
2020-09-03,0.106
2020-09-02,0.106
2020-09-01,0.106
2020-08-31,0.106
2020-08-28,0.104
2020-08-27,0.101
2020-08-26,0.099
2020-08-25,0.101
2020-08-24,0.094
2020-08-21,0.096
2020-08-20,0.096
2020-08-19,0.101
2020-08-18,0.106
2020-08-17,0.094
2020-08-14,0.099
2020-08-13,0.099
2020-08-12,0.106
2020-08-11,0.112
2020-08-10,0.099
2020-08-07,0.099
2020-08-06,0.099
2020-08-05,0.101
2020-08-04,0.099
2020-08-03,0.089
2020-07-31,0.094
2020-07-30,0.096
2020-07-29,0.101
2020-07-28,0.109
2020-07-27,0.104
2020-07-24,0.109
2020-07-23,0.117
2020-07-22,0.122
2020-07-21,0.124
2020-07-20,0.117
2020-07-17,0.117
2020-07-16,0.114
2020-07-15,0.137
2020-07-14,0.145
2020-07-13,0.137
2020-07-10,0.132
2020-07-09,0.134
2020-07-08,0.147
2020-07-07,0.147
2020-07-06,0.145
2020-07-02,0.142
2020-07-01,0.142
2020-06-30,0.147
2020-06-29,0.137
2020-06-26,0.145
2020-06-25,0.142
2020-06-24,0.152
2020-06-23,0.152
2020-06-22,0.152
2020-06-19,0.155
2020-06-18,0.157
2020-06-17,0.178
2020-06-16,0.172
2020-06-15,0.167
2020-06-12,0.165
2020-06-11,0.165
2020-06-10,0.172
2020-06-09,0.172
2020-06-08,0.165
2020-06-05,0.157
2020-06-04,0.152
2020-06-03,0.155
2020-06-02,0.152
2020-06-01,0.139
2020-05-29,0.142
2020-05-28,0.15
2020-05-27,0.142
2020-05-26,0.129
2020-05-25,0.122
2020-05-22,0.122
2020-05-21,0.122
2020-05-20,0.124
2020-05-19,0.129
2020-05-18,0.122
2020-05-15,0.124
2020-05-14,0.122
2020-05-13,0.122
2020-05-12,0.134
2020-05-11,0.119
2020-05-08,0.117
2020-05-07,0.106
2020-05-06,0.119
2020-05-05,0.122
2020-05-04,0.104
2020-05-01,0.109
2020-04-30,0.106
2020-04-29,0.101
2020-04-28,0.106
2020-04-27,0.114
2020-04-24,0.122
2020-04-23,0.109
2020-04-22,0.104
2020-04-21,0.109
2020-04-20,0.101
2020-04-17,0.124
2020-04-16,0.147
2020-04-15,0.157
2020-04-14,0.208
2020-04-13,0.231
2020-04-09,0.236
2020-04-08,0.198
2020-04-07,0.15
2020-04-06,0.104
2020-04-03,0.106
2020-04-02,0.096
2020-04-01,0.074
2020-03-31,0.132
2020-03-30,0.053
2020-03-27,0.015
2020-03-26,-0.035
2020-03-25,-0.046
2020-03-24,0.028
2020-03-23,0.03
2020-03-20,0.038
2020-03-19,0.063
2020-03-18,0.02
2020-03-17,0.208
2020-03-16,0.223
2020-03-13,0.276
2020-03-12,0.327
2020-03-11,0.434
2020-03-10,0.426
2020-03-09,0.383
2020-03-06,0.475
2020-03-05,0.625
2020-03-04,0.706
2020-03-03,0.953
2020-03-02,1.169
2020-02-28,1.285
2020-02-27,1.454
2020-02-26,1.518
2020-02-25,1.531
2020-02-24,1.548
2020-02-21,1.559
2020-02-20,1.579
2020-02-19,1.579
2020-02-18,1.577
2020-02-17,1.577
2020-02-14,1.577
2020-02-13,1.587
2020-02-12,1.577
2020-02-11,1.579
2020-02-10,1.566
2020-02-07,1.564
2020-02-06,1.574
2020-02-05,1.562
2020-02-04,1.574
2020-02-03,1.579
2020-01-31,1.554
2020-01-30,1.569
2020-01-29,1.562
2020-01-28,1.572
2020-01-27,1.546
2020-01-24,1.531
2020-01-23,1.556
2020-01-22,1.554
2020-01-21,1.556
2020-01-20,1.559
2020-01-17,1.561
2020-01-16,1.559
2020-01-15,1.569
2020-01-14,1.572
2020-01-13,1.564
2020-01-10,1.538
2020-01-09,1.541
2020-01-08,1.544
2020-01-07,1.551
2020-01-06,1.538
2020-01-03,1.52
2020-01-02,1.533
2020-01-01,1.556
2019-12-31,1.556
2019-12-30,1.541
2019-12-27,1.564
2019-12-26,1.577
2019-12-25,1.582
2019-12-24,1.579
2019-12-23,1.574
2019-12-20,1.579
2019-12-19,1.574
2019-12-18,1.559
2019-12-17,1.572
2019-12-16,1.566
2019-12-13,1.564
2019-12-12,1.572
2019-12-11,1.572
2019-12-10,1.567
2019-12-09,1.556
2019-12-06,1.523
2019-12-05,1.546
2019-12-04,1.559
2019-12-03,1.579
2019-12-02,1.579
2019-11-29,1.587
2019-11-28,1.608
2019-11-27,1.608
2019-11-26,1.605
2019-11-25,1.589
2019-11-22,1.589
2019-11-21,1.577
2019-11-20,1.572
2019-11-19,1.567
2019-11-18,1.574
2019-11-15,1.569
2019-11-14,1.574
2019-11-13,1.572
2019-11-12,1.574
2019-11-11,1.556
2019-11-08,1.554
2019-11-07,1.559
2019-11-06,1.556
2019-11-05,1.559
2019-11-04,1.548
2019-11-01,1.533
2019-10-31,1.546
2019-10-30,1.644
2019-10-29,1.644
2019-10-28,1.648
2019-10-25,1.674
2019-10-24,1.674
2019-10-23,1.659
2019-10-22,1.659
2019-10-21,1.669
2019-10-18,1.671
2019-10-17,1.669
2019-10-16,1.669
2019-10-15,1.671
2019-10-14,1.687
2019-10-11,1.682
2019-10-10,1.687
2019-10-09,1.705
2019-10-08,1.7
2019-10-07,1.723
2019-10-04,1.71
2019-10-03,1.718
2019-10-02,1.808
2019-10-01,1.826
2019-09-30,1.825
2019-09-27,1.797
2019-09-26,1.828
2019-09-25,1.895
2019-09-24,1.931
2019-09-23,1.905
2019-09-20,1.91
2019-09-19,1.938
2019-09-18,1.941
2019-09-17,2
2019-09-16,1.999
2019-09-13,1.961
2019-09-12,1.956
2019-09-11,1.962
2019-09-10,1.962
2019-09-09,1.964
2019-09-06,1.964
2019-09-05,1.972
2019-09-04,1.967
2019-09-03,1.964
2019-09-02,1.989
2019-08-30,1.987
2019-08-29,1.992
2019-08-28,1.992
2019-08-27,1.995
2019-08-26,1.987
2019-08-23,1.964
2019-08-22,1.992
2019-08-21,1.974
2019-08-20,1.951
2019-08-19,1.907
2019-08-16,1.871
2019-08-15,1.902
2019-08-14,1.959
2019-08-13,2.008
2019-08-12,1.984
2019-08-09,2.002
2019-08-08,2.023
2019-08-07,2.021
2019-08-06,2.049
2019-08-05,2.015
2019-08-02,2.064
2019-08-01,2.085
2019-07-31,2.085
2019-07-30,2.095
2019-07-29,2.105
2019-07-26,2.118
2019-07-25,2.11
2019-07-24,2.095
2019-07-23,2.092
2019-07-22,2.082
2019-07-19,2.066
2019-07-18,2.069
2019-07-17,2.128
2019-07-16,2.159
2019-07-15,2.143
2019-07-12,2.151
2019-07-11,2.157
2019-07-10,2.19
2019-07-09,2.254
2019-07-08,2.241
2019-07-05,2.218
2019-07-04,2.208
2019-07-03,2.208
2019-07-02,2.205
2019-07-01,2.125
2019-06-28,2.1
2019-06-27,2.144
2019-06-26,2.149
2019-06-25,2.139
2019-06-24,2.112
2019-06-21,2.11
2019-06-20,2.136
2019-06-19,2.182
2019-06-18,2.226
2019-06-17,2.195
2019-06-14,2.182
2019-06-13,2.198
2019-06-12,2.221
2019-06-11,2.272
2019-06-10,2.279
2019-06-07,2.274
2019-06-06,2.313
2019-06-05,2.342
2019-06-04,2.357
2019-06-03,2.341
2019-05-31,2.354
2019-05-30,2.372
2019-05-29,2.36
2019-05-28,2.356
2019-05-27,2.352
2019-05-24,2.354
2019-05-23,2.365
2019-05-22,2.378
2019-05-21,2.393
2019-05-20,2.382
2019-05-17,2.393
2019-05-16,2.401
2019-05-15,2.409
2019-05-14,2.416
2019-05-13,2.413
2019-05-10,2.429
2019-05-09,2.434
2019-05-08,2.434
2019-05-07,2.432
2019-05-06,2.426
2019-05-03,2.431
2019-05-02,2.437
2019-05-01,2.427
2019-04-30,2.432
2019-04-29,2.423
2019-04-26,2.423
2019-04-25,2.429
2019-04-24,2.434
2019-04-23,2.45
2019-04-22,2.441
2019-04-18,2.429
2019-04-17,2.439
2019-04-16,2.442
2019-04-15,2.423
2019-04-12,2.441
2019-04-11,2.429
2019-04-10,2.427
2019-04-09,2.429
2019-04-08,2.429
2019-04-05,2.434
2019-04-04,2.434
2019-04-03,2.437
2019-04-02,2.434
2019-04-01,2.392
2019-03-29,2.4
2019-03-28,2.437
2019-03-27,2.442
2019-03-26,2.47
2019-03-25,2.454
2019-03-22,2.462
2019-03-21,2.473
2019-03-20,2.473
2019-03-19,2.47
2019-03-18,2.446
2019-03-15,2.452
2019-03-14,2.452
2019-03-13,2.452
2019-03-12,2.46
2019-03-11,2.444
2019-03-08,2.454
2019-03-07,2.46
2019-03-06,2.465
2019-03-05,2.465
2019-03-04,2.432
2019-03-01,2.435
2019-02-28,2.44
2019-02-27,2.451
2019-02-26,2.458
2019-02-25,2.45
2019-02-22,2.45
2019-02-21,2.448
2019-02-20,2.446
2019-02-19,2.429
2019-02-18,2.429
2019-02-15,2.427
2019-02-14,2.43
2019-02-13,2.43
2019-02-12,2.435
2019-02-11,2.432
2019-02-08,2.422
2019-02-07,2.412
2019-02-06,2.417
2019-02-05,2.417
2019-02-04,2.391
2019-02-01,2.396
2019-01-31,2.397
2019-01-30,2.417
2019-01-29,2.423
2019-01-28,2.388
2019-01-25,2.383
2019-01-24,2.369
2019-01-23,2.41
2019-01-22,2.401
2019-01-21,2.406
2019-01-18,2.404
2019-01-17,2.41
2019-01-16,2.42
2019-01-15,2.451
2019-01-14,2.417
2019-01-11,2.424
2019-01-10,2.433
2019-01-09,2.443
2019-01-08,2.458
2019-01-07,2.409
2019-01-04,2.414
2019-01-03,2.412
2019-01-02,2.417
2019-01-01,2.466
2018-12-31,2.381
2018-12-28,2.383
2018-12-27,2.41
2018-12-26,2.435
2018-12-25,2.443
2018-12-24,2.388
2018-12-21,2.386
2018-12-20,2.392
2018-12-19,2.394
2018-12-18,2.384
2018-12-17,2.394
2018-12-14,2.424
2018-12-13,2.42
2018-12-12,2.428
2018-12-11,2.428
2018-12-10,2.386
2018-12-07,2.396
2018-12-06,2.41
2018-12-05,2.422
2018-12-04,2.423
2018-12-03,2.342
2018-11-30,2.363
2018-11-29,2.366
2018-11-28,2.387
2018-11-27,2.405
2018-11-26,2.399
2018-11-23,2.404
2018-11-22,2.402
2018-11-21,2.407
2018-11-20,2.392
2018-11-19,2.355
2018-11-16,2.355
2018-11-15,2.366
2018-11-14,2.376
2018-11-13,2.35
2018-11-12,2.355
2018-11-09,2.355
2018-11-08,2.358
2018-11-07,2.361
2018-11-06,2.366
2018-11-05,2.322
2018-11-02,2.327
2018-11-01,2.325
2018-10-31,2.333
2018-10-30,2.338
2018-10-29,2.314
2018-10-26,2.327
2018-10-25,2.335
2018-10-24,2.34
2018-10-23,2.34
2018-10-22,2.312
2018-10-19,2.309
2018-10-18,2.31
2018-10-17,2.31
2018-10-16,2.31
2018-10-15,2.283
2018-10-12,2.271
2018-10-11,2.266
2018-10-10,2.274
2018-10-09,2.237
2018-10-08,2.217
2018-10-05,2.217
2018-10-04,2.222
2018-10-03,2.223
2018-10-02,2.223
2018-10-01,2.206
2018-09-28,2.199
2018-09-27,2.192
2018-09-26,2.212
2018-09-25,2.215
2018-09-24,2.173
2018-09-21,2.173
2018-09-20,2.169
2018-09-19,2.166
2018-09-18,2.174
2018-09-17,2.158
2018-09-14,2.153
2018-09-13,2.143
2018-09-12,2.151
2018-09-11,2.153
2018-09-10,2.132
2018-09-07,2.137
2018-09-06,2.13
2018-09-05,2.135
2018-09-04,2.117
2018-09-03,2.102
2018-08-31,2.104
2018-08-30,2.105
2018-08-29,2.125
2018-08-28,2.128
2018-08-27,2.109
2018-08-24,2.094
2018-08-23,2.079
2018-08-22,2.084
2018-08-21,2.079
2018-08-20,2.04
2018-08-17,2.043
2018-08-16,2.064
2018-08-15,2.069
2018-08-14,2.082
2018-08-13,2.043
2018-08-10,2.045
2018-08-09,2.051
2018-08-08,2.056
2018-08-07,2.056
2018-08-06,2.014
2018-08-03,2.007
2018-08-02,2.007
2018-08-01,2.025
2018-07-31,2.033
2018-07-30,1.991
2018-07-27,1.992
2018-07-26,1.989
2018-07-25,2
2018-07-24,2.007
2018-07-23,1.966
2018-07-20,1.979
2018-07-19,1.994
2018-07-18,2.002
2018-07-17,2.018
2018-07-16,1.981
2018-07-13,1.971
2018-07-12,1.974
2018-07-11,1.961
2018-07-10,1.977
2018-07-09,1.961
2018-07-06,1.951
2018-07-05,1.956
2018-07-04,1.972
2018-07-03,1.979
2018-07-02,1.935
2018-06-29,1.92
2018-06-28,1.92
2018-06-27,1.92
2018-06-26,1.938
2018-06-25,1.899
2018-06-22,1.915
2018-06-21,1.933
2018-06-20,1.933
2018-06-19,1.943
2018-06-18,1.927
2018-06-15,1.933
2018-06-14,1.928
2018-06-13,1.936
2018-06-12,1.933
2018-06-11,1.912
2018-06-08,1.925
2018-06-07,1.93
2018-06-06,1.941
2018-06-05,1.948
2018-06-04,1.91
2018-06-01,1.91
2018-05-31,1.915
2018-05-30,1.923
2018-05-29,1.886
2018-05-28,1.899
2018-05-25,1.897
2018-05-24,1.905
2018-05-23,1.918
2018-05-22,1.938
2018-05-21,1.907
2018-05-18,1.899
2018-05-17,1.907
2018-05-16,1.905
2018-05-15,1.915
2018-05-14,1.899
2018-05-11,1.905
2018-05-10,1.89
2018-05-09,1.885
2018-05-08,1.874
2018-05-07,1.835
2018-05-04,1.836
2018-05-03,1.831
2018-05-02,1.823
2018-05-01,1.854
2018-04-30,1.807
2018-04-27,1.813
2018-04-26,1.828
2018-04-25,1.854
2018-04-24,1.867
2018-04-23,1.825
2018-04-20,1.807
2018-04-19,1.826
2018-04-18,1.813
2018-04-17,1.792
2018-04-16,1.754
2018-04-13,1.759
2018-04-12,1.746
2018-04-11,1.734
2018-04-10,1.736
2018-04-09,1.715
2018-04-06,1.72
2018-04-05,1.713
2018-04-04,1.708
2018-04-03,1.754
2018-04-02,1.723
2018-03-29,1.715
2018-03-28,1.736
2018-03-27,1.775
2018-03-26,1.746
2018-03-23,1.728
2018-03-22,1.723
2018-03-21,1.746
2018-03-20,1.8
2018-03-19,1.769
2018-03-16,1.779
2018-03-15,1.772
2018-03-14,1.754
2018-03-13,1.726
2018-03-12,1.682
2018-03-09,1.675
2018-03-08,1.675
2018-03-07,1.685
2018-03-06,1.682
2018-03-05,1.667
2018-03-02,1.644
2018-03-01,1.629
2018-02-28,1.659
2018-02-27,1.675
2018-02-26,1.646
2018-02-23,1.644
2018-02-22,1.644
2018-02-21,1.647
2018-02-20,1.61
2018-02-19,1.608
2018-02-16,1.608
2018-02-15,1.598
2018-02-14,1.588
2018-02-13,1.608
2018-02-12,1.572
2018-02-09,1.562
2018-02-08,1.552
2018-02-07,1.547
2018-02-06,1.524
2018-02-05,1.493
2018-02-02,1.486
2018-02-01,1.488
2018-01-31,1.465
2018-01-30,1.46
2018-01-29,1.409
2018-01-26,1.422
2018-01-25,1.427
2018-01-24,1.44
2018-01-23,1.447
2018-01-22,1.424
2018-01-19,1.434
2018-01-18,1.44
2018-01-17,1.445
2018-01-16,1.429
2018-01-15,1.445
2018-01-12,1.445
2018-01-11,1.437
2018-01-10,1.424
2018-01-09,1.45
2018-01-08,1.414
2018-01-05,1.404
2018-01-04,1.404
2018-01-03,1.404
2018-01-02,1.411
2018-01-01,1.391
2017-12-29,1.391
2017-12-28,1.407
2017-12-27,1.447
2017-12-26,1.345
2017-12-25,1.353
2017-12-22,1.335
2017-12-21,1.353
2017-12-20,1.384
2017-12-19,1.386
2017-12-18,1.348
2017-12-16,1.322
2017-12-15,1.317
2017-12-14,1.315
2017-12-13,1.305
2017-12-12,1.343
2017-12-11,1.294
2017-12-08,1.284
2017-12-07,1.292
2017-12-06,1.294
2017-12-05,1.315
2017-12-04,1.315
2017-12-01,1.266
2017-11-30,1.269
2017-11-29,1.289
2017-11-28,1.297
2017-11-27,1.256
2017-11-24,1.271
2017-11-23,1.302
2017-11-22,1.292
2017-11-21,1.31
2017-11-20,1.271
2017-11-17,1.271
2017-11-16,1.261
2017-11-15,1.256
2017-11-14,1.271
2017-11-13,1.215
2017-11-10,1.23
2017-11-09,1.233
2017-11-08,1.225
2017-11-07,1.218
2017-11-06,1.187
2017-11-03,1.177
2017-11-02,1.167
2017-11-01,1.167
2017-10-31,1.154
2017-10-30,1.103
2017-10-27,1.1
2017-10-26,1.108
2017-10-25,1.111
2017-10-24,1.126
2017-10-23,1.098
2017-10-20,1.103
2017-10-19,1.093
2017-10-18,1.095
2017-10-17,1.101
2017-10-16,1.083
2017-10-13,1.077
2017-10-12,1.08
2017-10-11,1.095
2017-10-10,1.083
2017-10-09,1.07
2017-10-06,1.07
2017-10-05,1.07
2017-10-04,1.07
2017-10-03,1.062
2017-10-02,1.044
2017-09-29,1.057
2017-09-28,1.057
2017-09-27,1.065
2017-09-26,1.07
2017-09-25,1.024
2017-09-22,1.029
2017-09-21,1.034
2017-09-20,1.047
2017-09-19,1.044
2017-09-18,1.027
2017-09-15,1.037
2017-09-14,1.055
2017-09-13,1.044
2017-09-12,1.044
2017-09-11,1.047
2017-09-08,1.047
2017-09-07,1.047
2017-09-06,1.065
2017-09-05,1.009
2017-09-03,1.019
2017-09-01,1.011
2017-08-31,1.004
2017-08-30,1.024
2017-08-29,1.037
2017-08-28,1.032
2017-08-25,1.021
2017-08-24,1.024
2017-08-23,1.001
2017-08-22,1.016
2017-08-21,0.991
2017-08-18,1.014
2017-08-17,1.004
2017-08-16,1.014
2017-08-15,1.034
2017-08-14,1.029
2017-08-11,1.039
2017-08-10,1.044
2017-08-09,1.052
2017-08-08,1.057
2017-08-07,1.057
2017-08-04,1.077
2017-08-03,1.085
2017-08-02,1.078
2017-08-01,1.085
2017-07-31,1.083
2017-07-28,1.08
2017-07-27,1.106
2017-07-26,1.129
2017-07-25,1.172
2017-07-24,1.179
2017-07-21,1.169
2017-07-20,1.144
2017-07-19,1.116
2017-07-18,1.07
2017-07-17,1.047
2017-07-14,1.034
2017-07-13,1.039
2017-07-12,1.05
2017-07-11,1.06
2017-07-10,1.039
2017-07-07,1.034
2017-07-06,1.034
2017-07-05,1.05
2017-07-04,1.062
2017-07-03,1.026
2017-07-01,1.026
2017-06-30,1.021
2017-06-29,1.029
2017-06-28,1.011
2017-06-27,1.019
2017-06-26,0.96
2017-06-23,0.958
2017-06-22,0.958
2017-06-21,0.994
2017-06-20,1.019
2017-06-19,1.011
2017-06-16,1.011
2017-06-15,1.019
2017-06-14,1.011
2017-06-13,1.009
2017-06-12,0.998
2017-06-09,1.006
2017-06-08,0.999
2017-06-07,0.999
2017-06-06,0.983
2017-06-05,0.973
2017-06-02,0.978
2017-06-01,0.973
2017-05-31,0.978
2017-05-30,0.935
2017-05-29,0.932
2017-05-26,0.935
2017-05-25,0.932
2017-05-24,0.93
2017-05-23,0.937
2017-05-22,0.904
2017-05-19,0.914
2017-05-18,0.917
2017-05-17,0.902
2017-05-16,0.915
2017-05-15,0.886
2017-05-12,0.879
2017-05-11,0.884
2017-05-10,0.899
2017-05-09,0.915
2017-05-08,0.894
2017-05-05,0.892
2017-05-04,0.879
2017-05-03,0.871
2017-05-02,0.861
2017-05-01,0.808
2017-04-28,0.803
2017-04-27,0.808
2017-04-26,0.825
2017-04-25,0.831
2017-04-24,0.795
2017-04-22,0.782
2017-04-21,0.785
2017-04-20,0.792
2017-04-19,0.808
2017-04-18,0.828
2017-04-17,0.815
2017-04-13,0.81
2017-04-12,0.815
2017-04-11,0.823
2017-04-10,0.81
2017-04-07,0.82
2017-04-06,0.81
2017-04-05,0.803
2017-04-04,0.803
2017-04-03,0.764
2017-03-31,0.762
2017-03-30,0.78
2017-03-29,0.777
2017-03-28,0.795
2017-03-27,0.78
2017-03-24,0.769
2017-03-23,0.769
2017-03-22,0.769
2017-03-21,0.775
2017-03-20,0.734
2017-03-18,0.729
2017-03-17,0.729
2017-03-16,0.734
2017-03-15,0.739
2017-03-14,0.775
2017-03-13,0.749
2017-03-10,0.747
2017-03-09,0.734
2017-03-08,0.729
2017-03-07,0.757
2017-03-06,0.729
2017-03-03,0.706
2017-03-02,0.665
2017-03-01,0.635
2017-02-28,0.541
2017-02-27,0.51
2017-02-24,0.515
2017-02-23,0.515
2017-02-22,0.528
2017-02-21,0.523
2017-02-20,0.518
2017-02-17,0.525
2017-02-16,0.525
2017-02-15,0.538
2017-02-14,0.553
2017-02-13,0.541
2017-02-10,0.538
2017-02-09,0.543
2017-02-08,0.543
2017-02-07,0.543
2017-02-06,0.52
2017-02-03,0.505
2017-02-02,0.505
2017-02-01,0.518
2017-01-31,0.518
2017-01-30,0.513
2017-01-27,0.515
2017-01-26,0.505
2017-01-25,0.5
2017-01-24,0.51
2017-01-23,0.492
2017-01-20,0.497
2017-01-19,0.52
2017-01-18,0.528
2017-01-17,0.53
2017-01-16,0.53
2017-01-13,0.53
2017-01-12,0.518
2017-01-11,0.515
2017-01-10,0.52
2017-01-09,0.502
2017-01-06,0.52
2017-01-05,0.525
2017-01-04,0.536
2017-01-03,0.497
2017-01-02,0.502
2016-12-30,0.502
2016-12-29,0.462
2016-12-28,0.513
2016-12-27,0.515
2016-12-26,0.518
2016-12-23,0.52
2016-12-22,0.513
2016-12-21,0.515
2016-12-20,0.528
2016-12-19,0.495
2016-12-16,0.505
2016-12-15,0.505
2016-12-14,0.541
2016-12-13,0.543
2016-12-12,0.518
2016-12-09,0.541
2016-12-08,0.51
2016-12-07,0.505
2016-12-06,0.505
2016-12-05,0.472
2016-12-02,0.475
2016-12-01,0.475
2016-11-30,0.485
2016-11-29,0.485
2016-11-28,0.472
2016-11-25,0.502
2016-11-24,0.502
2016-11-23,0.502
2016-11-22,0.492
2016-11-21,0.442
2016-11-18,0.434
2016-11-17,0.436
2016-11-16,0.469
2016-11-15,0.505
2016-11-14,0.52
2016-11-10,0.475
2016-11-09,0.434
2016-11-08,0.436
2016-11-07,0.408
2016-11-04,0.373
2016-11-03,0.373
2016-11-02,0.36
2016-11-01,0.36
2016-10-31,0.309
2016-10-28,0.289
2016-10-27,0.289
2016-10-26,0.33
2016-10-25,0.345
2016-10-24,0.327
2016-10-21,0.332
2016-10-20,0.332
2016-10-19,0.337
2016-10-18,0.348
2016-10-17,0.309
2016-10-15,0.31
2016-10-14,0.304
2016-10-13,0.294
2016-10-12,0.358
2016-10-11,0.337
2016-10-10,0.323
2016-10-07,0.327
2016-10-06,0.327
2016-10-05,0.327
2016-10-04,0.33
2016-10-03,0.307
2016-09-30,0.284
2016-09-29,0.254
2016-09-28,0.282
2016-09-27,0.271
2016-09-26,0.19
2016-09-24,0.183
2016-09-23,0.185
2016-09-22,0.18
2016-09-21,0.236
2016-09-20,0.302
2016-09-19,0.256
2016-09-17,0.289
2016-09-16,0.289
2016-09-15,0.294
2016-09-14,0.332
2016-09-13,0.36
2016-09-12,0.37
2016-09-09,0.355
2016-09-08,0.353
2016-09-07,0.34
2016-09-06,0.32
2016-09-05,0.327
2016-09-02,0.322
2016-09-01,0.335
2016-08-31,0.33
2016-08-30,0.34
2016-08-29,0.322
2016-08-26,0.327
2016-08-25,0.325
2016-08-24,0.315
2016-08-23,0.315
2016-08-22,0.297
2016-08-19,0.309
2016-08-18,0.302
2016-08-17,0.302
2016-08-16,0.302
2016-08-15,0.292
2016-08-13,0.28
2016-08-12,0.282
2016-08-11,0.294
2016-08-10,0.287
2016-08-09,0.307
2016-08-08,0.269
2016-08-06,0.271
2016-08-05,0.269
2016-08-04,0.264
2016-08-03,0.282
2016-08-02,0.289
2016-08-01,0.254
2016-07-29,0.259
2016-07-28,0.238
2016-07-27,0.312
2016-07-26,0.322
2016-07-25,0.312
2016-07-22,0.317
2016-07-21,0.32
2016-07-20,0.325
2016-07-19,0.325
2016-07-18,0.302
2016-07-15,0.317
2016-07-14,0.317
2016-07-13,0.312
2016-07-12,0.309
2016-07-11,0.289
2016-07-08,0.287
2016-07-07,0.284
2016-07-06,0.271
2016-07-05,0.254
2016-07-04,0.259
2016-07-01,0.259
2016-06-30,0.266
2016-06-29,0.264
2016-06-28,0.269
2016-06-27,0.254
2016-06-24,0.259
2016-06-23,0.292
2016-06-22,0.276
2016-06-21,0.279
2016-06-20,0.266
2016-06-17,0.266
2016-06-16,0.264
2016-06-15,0.269
2016-06-14,0.274
2016-06-13,0.261
2016-06-10,0.256
2016-06-09,0.256
2016-06-08,0.249
2016-06-07,0.279
2016-06-06,0.269
2016-06-03,0.289
2016-06-02,0.289
2016-06-01,0.309
2016-05-31,0.302
2016-05-30,0.318
2016-05-27,0.317
2016-05-26,0.294
2016-05-25,0.325
2016-05-24,0.355
2016-05-23,0.327
2016-05-20,0.317
2016-05-19,0.304
2016-05-18,0.282
2016-05-17,0.287
2016-05-16,0.271
2016-05-13,0.271
2016-05-12,0.271
2016-05-11,0.256
2016-05-10,0.251
2016-05-09,0.213
2016-05-06,0.193
2016-05-05,0.195
2016-05-04,0.21
2016-05-03,0.216
2016-05-02,0.198
2016-04-29,0.205
2016-04-28,0.221
2016-04-27,0.254
2016-04-26,0.254
2016-04-25,0.251
2016-04-22,0.236
2016-04-21,0.233
2016-04-20,0.228
2016-04-19,0.223
2016-04-18,0.21
2016-04-15,0.228
2016-04-14,0.228
2016-04-13,0.236
2016-04-12,0.238
2016-04-11,0.221
2016-04-08,0.231
2016-04-07,0.236
2016-04-06,0.233
2016-04-05,0.231
2016-04-04,0.195
2016-04-01,0.233
2016-03-31,0.213
2016-03-30,0.198
2016-03-29,0.236
2016-03-28,0.276
2016-03-24,0.292
2016-03-23,0.309
2016-03-22,0.309
2016-03-21,0.302
2016-03-18,0.294
2016-03-17,0.287
2016-03-16,0.315
2016-03-15,0.345
2016-03-14,0.322
2016-03-11,0.32
2016-03-10,0.317
2016-03-09,0.304
2016-03-08,0.317
2016-03-07,0.276
2016-03-04,0.276
2016-03-03,0.279
2016-03-02,0.317
2016-03-01,0.335
2016-02-29,0.323
2016-02-26,0.318
2016-02-25,0.328
2016-02-24,0.331
2016-02-23,0.331
2016-02-22,0.308
2016-02-19,0.295
2016-02-18,0.3
2016-02-17,0.31
2016-02-16,0.287
2016-02-15,0.29
2016-02-12,0.29
2016-02-11,0.287
2016-02-10,0.313
2016-02-09,0.313
2016-02-08,0.275
2016-02-05,0.292
2016-02-04,0.298
2016-02-03,0.346
2016-02-02,0.346
2016-02-01,0.31
2016-01-29,0.315
2016-01-28,0.333
2016-01-27,0.315
2016-01-26,0.315
2016-01-25,0.29
2016-01-22,0.3
2016-01-21,0.285
2016-01-20,0.262
2016-01-19,0.244
2016-01-18,0.234
2016-01-15,0.237
2016-01-14,0.249
2016-01-13,0.224
2016-01-12,0.219
2016-01-11,0.191
2016-01-08,0.203
2016-01-07,0.203
2016-01-06,0.219
2016-01-05,0.219
2016-01-04,0.168
2015-12-31,0.178
2015-12-30,0.219
2015-12-29,0.229
2015-12-28,0.203
2015-12-24,0.201
2015-12-23,0.198
2015-12-22,0.211
2015-12-21,0.168
2015-12-18,0.188
2015-12-17,0.226
2015-12-16,0.27
2015-12-15,0.265
2015-12-14,0.214
2015-12-11,0.226
2015-12-10,0.244
2015-12-09,0.259
2015-12-08,0.282
2015-12-07,0.249
2015-12-04,0.221
2015-12-03,0.211
2015-12-02,0.208
2015-12-01,0.216
2015-11-30,0.181
2015-11-27,0.173
2015-11-26,0.193
2015-11-25,0.188
2015-11-24,0.165
2015-11-23,0.117
2015-11-20,0.104
2015-11-19,0.099
2015-11-18,0.135
2015-11-17,0.147
2015-11-16,0.109
2015-11-13,0.125
2015-11-12,0.135
2015-11-11,0.137
2015-11-10,0.132
2015-11-09,0.089
2015-11-06,0.084
2015-11-05,0.048
2015-11-04,0.066
2015-11-03,0.069
2015-11-02,0.064
2015-10-30,0.079
2015-10-29,0.064
2015-10-28,0.046
2015-10-27,0.02
2015-10-26,0.018
2015-10-23,0.008
2015-10-22,0.005
2015-10-21,0.005
2015-10-20,0.02
2015-10-19,0.003
2015-10-16,0.005
2015-10-15,0.005
2015-10-14,0
2015-10-13,0.005
2015-10-12,0.002
2015-10-09,0.008
2015-10-08,0.005
2015-10-07,0
2015-10-06,0.005
2015-10-05,0.003
2015-10-03,0.002
2015-10-02,0.003
2015-10-01,-0.01
2015-09-30,0.008
2015-09-29,0.01
2015-09-28,-0.003
2015-09-25,-0.013
2015-09-24,0.005
2015-09-23,0.01
2015-09-22,0.008
2015-09-21,-0.008
2015-09-18,-0.008
2015-09-17,0.013
2015-09-16,0.064
2015-09-15,0.064
2015-09-14,0
2015-09-11,0.031
2015-09-10,0.025
2015-09-09,0.046
2015-09-08,0.031
2015-09-07,0.036
2015-09-04,0.036
2015-09-03,0.02
2015-09-02,0.031
2015-09-01,0.053
2015-08-31,0.01
2015-08-28,0.058
2015-08-27,0.058
2015-08-26,0.064
2015-08-25,0.061
2015-08-24,0.023
2015-08-21,0.031
2015-08-20,0.02
2015-08-19,0.051
2015-08-18,0.092
2015-08-17,0.071
2015-08-14,0.092
2015-08-13,0.092
2015-08-12,0.102
2015-08-11,0.104
2015-08-10,0.076
2015-08-07,0.066
2015-08-06,0.033
2015-08-05,0.081
2015-08-04,0.081
2015-08-03,0.069
2015-07-31,0.064
2015-07-30,0.069
2015-07-29,0.053
2015-07-28,0.053
2015-07-27,0.033
2015-07-24,0.038
2015-07-23,0.036
2015-07-22,0.036
2015-07-21,0.036
2015-07-20,0.028
2015-07-18,0.02
2015-07-17,0.02
2015-07-16,0.018
2015-07-15,0.02
2015-07-14,0.015
2015-07-13,-0.003
2015-07-10,0.015
2015-07-09,0.018
2015-07-08,0.015
2015-07-07,0.015
2015-07-06,0.01
2015-07-02,0.008
2015-07-01,0.013
2015-06-30,0.02
2015-06-29,0.005
2015-06-26,0.005
2015-06-25,0.005
2015-06-24,0.01
2015-06-23,0.013
2015-06-22,0.008
2015-06-19,0.008
2015-06-18,0.01
2015-06-17,0.013
2015-06-16,0.013
2015-06-15,0.01
2015-06-12,0.01
2015-06-11,0.013
2015-06-10,0.018
2015-06-09,0.018
2015-06-08,0.015
2015-06-05,0.018
2015-06-04,0.013
2015-06-03,0.015
2015-06-02,0.015
2015-06-01,0.01
2015-05-30,0.002
2015-05-29,0.003
2015-05-28,0.008
2015-05-27,0.018
2015-05-26,0.015
2015-05-25,0.02
2015-05-22,0.02
2015-05-21,0.018
2015-05-20,0.023
2015-05-19,0.02
2015-05-18,0.013
2015-05-15,0.015
2015-05-14,0.018
2015-05-13,0.02
2015-05-12,0.023
2015-05-11,0.013
2015-05-08,0.008
2015-05-07,0.01
2015-05-06,0.015
2015-05-05,0.013
2015-05-04,0.008
2015-05-01,0.008
2015-04-30,0.005
2015-04-29,0.008
2015-04-28,0.018
2015-04-27,0.018
2015-04-24,0.02
2015-04-23,0.025
2015-04-22,0.025
2015-04-21,0.025
2015-04-20,0.018
2015-04-17,0.018
2015-04-16,0.018
2015-04-15,0.02
2015-04-14,0.015
2015-04-13,0.013
2015-04-10,0.02
2015-04-09,0.025
2015-04-08,0.023
2015-04-07,0.025
2015-04-06,0.01
2015-04-03,0.013
2015-04-02,0.015
2015-04-01,0.038
2015-03-31,0.036
2015-03-30,0.028
2015-03-27,0.038
2015-03-26,0.036
2015-03-25,0.023
2015-03-24,0.02
2015-03-23,0.005
2015-03-20,0.008
2015-03-19,0.015
2015-03-18,0.048
2015-03-17,0.053
2015-03-16,0.036
2015-03-13,0.028
2015-03-12,0.023
2015-03-11,0.018
2015-03-10,0.015
2015-03-09,0.01
2015-03-06,0.013
2015-03-05,0.01
2015-03-04,0.015
2015-03-03,0
2015-03-02,0.013
2015-02-27,0.015
2015-02-26,0.02
2015-02-25,0.02
2015-02-24,0.023
2015-02-23,0.02
2015-02-20,0.015
2015-02-19,0.02
2015-02-18,0.02
2015-02-17,0.013
2015-02-16,0.01
2015-02-13,0.01
2015-02-12,0.013
2015-02-11,0.01
2015-02-10,0.01
2015-02-09,0.01
2015-02-06,0.023
2015-02-05,0.015
2015-02-04,0.015
2015-02-03,0.023
2015-02-02,0.01
2015-01-30,0.013
2015-01-29,0.015
2015-01-28,0.02
2015-01-27,0.025
2015-01-26,0.01
2015-01-23,0.018
2015-01-22,0.02
2015-01-21,0.025
2015-01-20,0.015
2015-01-19,0.025
2015-01-16,0.025
2015-01-15,0.028
2015-01-14,0.03
2015-01-13,0.03
2015-01-12,0.018
2015-01-09,0.02
2015-01-08,0.023
2015-01-07,0.025
2015-01-06,0.03
2015-01-05,0.008
2015-01-02,0.02
2015-01-01,0.043
2014-12-31,0.041
2014-12-30,0.03
2014-12-29,0.013
2014-12-26,0.005
2014-12-25,0.01
2014-12-24,0.028
2014-12-23,0.028
2014-12-22,0.023
2014-12-19,0.033
2014-12-18,0.041
2014-12-17,0.025
2014-12-16,0.035
2014-12-15,0.018
2014-12-12,0.02
2014-12-11,0.03
2014-12-10,0.03
2014-12-09,0.038
2014-12-08,0.013
2014-12-05,0.018
2014-12-04,0.02
2014-12-03,0.028
2014-12-02,0.025
2014-12-01,0.015
2014-11-28,0.013
2014-11-27,0.02
2014-11-26,0.018
2014-11-25,0.028
2014-11-24,0.013
2014-11-21,0.008
2014-11-20,0.008
2014-11-19,0.005
2014-11-18,0.017
2014-11-17,0.015
2014-11-14,0.013
2014-11-13,0.01
2014-11-12,0.018
2014-11-11,0.02
2014-11-10,0.02
2014-11-07,0
2014-11-06,0.023
2014-11-05,0.025
2014-11-04,0.028
2014-11-03,0.008
2014-10-31,0.008
2014-10-30,0.01
2014-10-29,0.02
2014-10-28,0.02
2014-10-27,0.01
2014-10-24,0.01
2014-10-23,0.005
2014-10-22,0.02
2014-10-21,0.023
2014-10-20,0.025
2014-10-17,0.028
2014-10-16,0.025
2014-10-15,0.015
2014-10-14,0.01
2014-10-13,0.01
2014-10-10,0.01
2014-10-09,0.01
2014-10-08,0.01
2014-10-07,0.015
2014-10-06,0.015
2014-10-03,0.015
2014-10-02,0.015
2014-10-01,0.018
2014-09-30,0.023
2014-09-29,0.013
2014-09-27,0.013
2014-09-26,0.013
2014-09-25,0.01
2014-09-24,0.018
2014-09-23,0.013
2014-09-22,0.005
2014-09-19,0.018
2014-09-18,0.015
2014-09-17,0.018
2014-09-16,0.02
2014-09-15,0.015
2014-09-13,0.018
2014-09-12,0.015
2014-09-11,0.018
2014-09-10,0.02
2014-09-09,0.02
2014-09-08,0.025
2014-09-05,0.028
2014-09-04,0.028
2014-09-03,0.025
2014-09-02,0.025
2014-09-01,0.03
2014-08-29,0.025
2014-08-28,0.028
2014-08-27,0.033
2014-08-26,0.03
2014-08-25,0.02
2014-08-22,0.023
2014-08-21,0.02
2014-08-20,0.03
2014-08-19,0.03
2014-08-18,0.028
2014-08-15,0.028
2014-08-14,0.033
2014-08-13,0.035
2014-08-12,0.03
2014-08-11,0.03
2014-08-08,0.025
2014-08-07,0.025
2014-08-06,0.025
2014-08-05,0.03
2014-08-04,0.02
2014-08-02,0.023
2014-08-01,0.025
2014-07-31,0.025
2014-07-30,0.035
2014-07-29,0.035
2014-07-28,0.028
2014-07-25,0.03
2014-07-24,0.025
2014-07-23,0.025
2014-07-22,0.028
2014-07-21,0.028
2014-07-18,0.015
2014-07-17,0.015
2014-07-16,0.025
2014-07-15,0.025
2014-07-14,0.025
2014-07-12,0.02
2014-07-11,0.02
2014-07-10,0.02
2014-07-09,0.025
2014-07-08,0.033
2014-07-07,0.033
2014-07-03,0.01
2014-07-02,0.02
2014-07-01,0.041
2014-06-30,0.046
2014-06-27,0.028
2014-06-26,0.03
2014-06-25,0.025
2014-06-24,0.03
2014-06-23,0.025
2014-06-20,0.018
2014-06-19,0.02
2014-06-18,0.025
2014-06-17,0.041
2014-06-16,0.041
2014-06-13,0.035
2014-06-12,0.041
2014-06-11,0.038
2014-06-10,0.035
2014-06-09,0.035
2014-06-06,0.033
2014-06-05,0.035
2014-06-04,0.035
2014-06-03,0.041
2014-06-02,0.035
2014-05-30,0.35
2014-05-29,0.035
2014-05-28,0.033
2014-05-27,0.035
2014-05-26,0.035
2014-05-23,0.033
2014-05-22,0.035
2014-05-21,0.035
2014-05-20,0.03
2014-05-19,0.025
2014-05-16,0.02
2014-05-15,0.025
2014-05-14,0.025
2014-05-13,0.028
2014-05-12,0.03
2014-05-09,0.028
2014-05-08,0.033
2014-05-07,0.03
2014-05-06,0.025
2014-05-05,0.028
2014-05-02,0.023
2014-05-01,0.028
2014-04-30,0.025
2014-04-29,0.02
2014-04-28,0.023
2014-04-25,0.015
2014-04-24,0.015
2014-04-23,0.02
2014-04-22,0.03
2014-04-21,0.03
2014-04-17,0.03
2014-04-16,0.033
2014-04-15,0.035
2014-04-14,0.035
2014-04-11,0.038
2014-04-10,0.033
2014-04-09,0.035
2014-04-08,0.03
2014-04-07,0.03
2014-04-04,0.025
2014-04-03,0.02
2014-04-02,0.02
2014-04-01,0.041
2014-03-31,0.046
2014-03-28,0.041
2014-03-27,0.041
2014-03-26,0.051
2014-03-25,0.051
2014-03-24,0.048
2014-03-21,0.053
2014-03-20,0.061
2014-03-19,0.058
2014-03-18,0.056
2014-03-17,0.051
2014-03-14,0.053
2014-03-13,0.051
2014-03-12,0.046
2014-03-11,0.051
2014-03-10,0.056
2014-03-07,0.053
2014-03-06,0.053
2014-03-05,0.056
2014-03-04,0.051
2014-03-03,0.051
2014-02-28,0.051
2014-02-27,0.046
2014-02-26,0.048
2014-02-25,0.046
2014-02-24,0.048
2014-02-21,0.041
2014-02-20,0.051
2014-02-19,0.056
2014-02-18,0.053
2014-02-17,0.023
2014-02-14,0.02
2014-02-13,0.033
2014-02-12,0.051
2014-02-11,0.068
2014-02-10,0.068
2014-02-07,0.086
2014-02-06,0.068
2014-02-05,0.061
2014-02-04,0.056
2014-02-03,0.053
2014-01-31,0.02
2014-01-30,0.02
2014-01-29,0.043
2014-01-28,0.051
2014-01-27,0.053
2014-01-24,0.046
2014-01-23,0.041
2014-01-22,0.035
2014-01-21,0.035
2014-01-20,0.041
2014-01-17,0.035
2014-01-16,0.035
2014-01-15,0.043
2014-01-14,0.035
2014-01-13,0.038
2014-01-10,0.041
2014-01-09,0.043
2014-01-08,0.043
2014-01-07,0.051
2014-01-06,0.056
2014-01-03,0.069
2014-01-02,0.068
2014-01-01,0.073
2013-12-31,0.073
2013-12-30,0.071
2013-12-27,0.066
2013-12-26,0.071
2013-12-25,0.073
2013-12-24,0.073
2013-12-23,0.076
2013-12-20,0.066
2013-12-19,0.071
2013-12-18,0.071
2013-12-17,0.066
2013-12-16,0.071
2013-12-13,0.066
2013-12-12,0.068
2013-12-11,0.073
2013-12-10,0.071
2013-12-09,0.071
2013-12-06,0.061
2013-12-05,0.051
2013-12-04,0.056
2013-12-03,0.063
2013-12-02,0.061
2013-11-29,0.061
2013-11-28,0.066
2013-11-27,0.063
2013-11-26,0.071
2013-11-25,0.076
2013-11-22,0.076
2013-11-21,0.076
2013-11-20,0.081
2013-11-19,0.089
2013-11-18,0.086
2013-11-15,0.079
2013-11-14,0.076
2013-11-13,0.076
2013-11-12,0.076
2013-11-11,0.063
2013-11-08,0.061
2013-11-07,0.056
2013-11-06,0.051
2013-11-05,0.051
2013-11-04,0.051
2013-11-01,0.041
2013-10-31,0.038
2013-10-30,0.041
2013-10-29,0.046
2013-10-28,0.043
2013-10-25,0.035
2013-10-24,0.035
2013-10-23,0.035
2013-10-22,0.041
2013-10-21,0.041
2013-10-18,0.03
2013-10-17,0.048
2013-10-16,0.096
2013-10-15,0.132
2013-10-14,0.071
2013-10-11,0.068
2013-10-10,0.053
2013-10-09,0.046
2013-10-08,0.056
2013-10-07,0.035
2013-10-04,0.028
2013-10-03,0.03
2013-10-02,0.028
2013-10-01,0.03
2013-09-30,0.015
2013-09-27,0.02
2013-09-26,0.005
2013-09-25,0.02
2013-09-24,0.025
2013-09-23,0.02
2013-09-20,0.015
2013-09-19,0.01
2013-09-18,0.01
2013-09-17,0.01
2013-09-16,0.01
2013-09-13,0.018
2013-09-12,0.023
2013-09-11,0.025
2013-09-10,0.02
2013-09-09,0.025
2013-09-07,0.02
2013-09-06,0.02
2013-09-05,0.025
2013-09-04,0.023
2013-09-03,0.025
2013-09-02,0.03
2013-08-30,0.025
2013-08-29,0.03
2013-08-28,0.035
2013-08-27,0.041
2013-08-26,0.041
2013-08-23,0.03
2013-08-22,0.035
2013-08-21,0.046
2013-08-20,0.053
2013-08-19,0.056
2013-08-16,0.046
2013-08-15,0.051
2013-08-14,0.051
2013-08-13,0.056
2013-08-12,0.058
2013-08-10,0.053
2013-08-09,0.053
2013-08-08,0.051
2013-08-07,0.046
2013-08-06,0.051
2013-08-05,0.046
2013-08-03,0.036
2013-08-02,0.035
2013-08-01,0.041
2013-07-31,0.038
2013-07-30,0.035
2013-07-29,0.03
2013-07-27,0.02
2013-07-26,0.02
2013-07-25,0.025
2013-07-24,0.025
2013-07-23,0.028
2013-07-22,0.035
2013-07-20,0.025
2013-07-19,0.025
2013-07-18,0.03
2013-07-17,0.033
2013-07-16,0.041
2013-07-15,0.041
2013-07-13,0.038
2013-07-12,0.038
2013-07-11,0.041
2013-07-10,0.041
2013-07-09,0.043
2013-07-08,0.046
2013-07-06,0.041
2013-07-05,0.041
2013-07-04,0.041
2013-07-03,0.041
2013-07-02,0.041
2013-07-01,0.041
2013-06-29,0.036
2013-06-28,0.035
2013-06-27,0.056
2013-06-26,0.061
2013-06-25,0.063
2013-06-24,0.061
2013-06-22,0.046
2013-06-21,0.046
2013-06-20,0.051
2013-06-19,0.051
2013-06-18,0.053
2013-06-17,0.046
2013-06-15,0.046
2013-06-14,0.046
2013-06-13,0.048
2013-06-12,0.048
2013-06-11,0.046
2013-06-10,0.046
2013-06-08,0.046
2013-06-07,0.046
2013-06-06,0.051
2013-06-05,0.051
2013-06-04,0.048
2013-06-03,0.048
2013-06-01,0.038
2013-05-31,0.038
2013-05-30,0.033
2013-05-29,0.048
2013-05-28,0.048
2013-05-27,0.043
2013-05-25,0.043
2013-05-24,0.043
2013-05-23,0.043
2013-05-22,0.041
2013-05-21,0.046
2013-05-20,0.046
2013-05-18,0.036
2013-05-17,0.035
2013-05-16,0.033
2013-05-15,0.041
2013-05-14,0.048
2013-05-13,0.048
2013-05-11,0.041
2013-05-10,0.041
2013-05-09,0.046
2013-05-08,0.046
2013-05-07,0.043
2013-05-06,0.043
2013-05-04,0.051
2013-05-03,0.051
2013-05-02,0.056
2013-05-01,0.056
2013-04-30,0.051
2013-04-29,0.051
2013-04-27,0.053
2013-04-26,0.053
2013-04-25,0.056
2013-04-24,0.056
2013-04-23,0.053
2013-04-22,0.053
2013-04-20,0.051
2013-04-19,0.051
2013-04-18,0.056
2013-04-17,0.056
2013-04-16,0.056
2013-04-15,0.063
2013-04-13,0.061
2013-04-12,0.061
2013-04-11,0.068
2013-04-10,0.071
2013-04-09,0.071
2013-04-08,0.066
2013-04-05,0.066
2013-04-04,0.071
2013-04-03,0.061
2013-04-02,0.076
2013-04-01,0.079
2013-03-29,0.071
2013-03-28,0.071
2013-03-27,0.086
2013-03-26,0.076
2013-03-25,0.076
2013-03-23,0.068
2013-03-22,0.069
2013-03-21,0.068
2013-03-20,0.071
2013-03-19,0.079
2013-03-18,0.086
2013-03-16,0.089
2013-03-15,0.089
2013-03-14,0.096
2013-03-13,0.091
2013-03-12,0.101
2013-03-11,0.101
2013-03-09,0.094
2013-03-08,0.094
2013-03-07,0.096
2013-03-06,0.096
2013-03-05,0.099
2013-03-04,0.091
2013-03-02,0.106
2013-03-01,0.106
2013-02-28,0.106
2013-02-27,0.109
2013-02-26,0.122
2013-02-25,0.122
2013-02-23,0.127
2013-02-22,0.127
2013-02-21,0.124
2013-02-20,0.122
2013-02-19,0.119
2013-02-18,0.101
2013-02-16,0.101
2013-02-15,0.101
2013-02-14,0.101
2013-02-13,0.094
2013-02-12,0.086
2013-02-11,0.089
2013-02-09,0.071
2013-02-08,0.071
2013-02-07,0.071
2013-02-06,0.071
2013-02-05,0.079
2013-02-04,0.071
2013-02-02,0.068
2013-02-01,0.069
2013-01-31,0.079
2013-01-30,0.071
2013-01-29,0.071
2013-01-28,0.076
2013-01-26,0.076
2013-01-25,0.076
2013-01-24,0.081
2013-01-23,0.076
2013-01-22,0.076
2013-01-21,0.076
2013-01-19,0.076
2013-01-18,0.076
2013-01-17,0.081
2013-01-16,0.076
2013-01-15,0.086
2013-01-14,0.076
2013-01-12,0.071
2013-01-11,0.071
2013-01-10,0.068
2013-01-09,0.061
2013-01-08,0.066
2013-01-07,0.068
2013-01-05,0.071
2013-01-04,0.071
2013-01-03,0.071
2013-01-02,0.076
2013-01-01,0.046
2012-12-31,0.046
2012-12-29,0.01
2012-12-28,0.01
2012-12-27,0.076
2012-12-26,0.086
2012-12-25,0.061
2012-12-24,0.056
2012-12-22,0.058
2012-12-21,0.058
2012-12-20,0.056
2012-12-19,0.056
2012-12-18,0.056
2012-12-17,0.041
2012-12-15,0.033
2012-12-14,0.033
2012-12-13,0.066
2012-12-12,0.071
2012-12-11,0.081
2012-12-10,0.091
2012-12-08,0.086
2012-12-07,0.086
2012-12-06,0.096
2012-12-05,0.099
2012-12-04,0.096
2012-12-03,0.096
2012-12-01,0.081
2012-11-30,0.081
2012-11-29,0.091
2012-11-28,0.101
2012-11-27,0.101
2012-11-26,0.101
2012-11-24,0.094
2012-11-23,0.094
2012-11-22,0.096
2012-11-21,0.096
2012-11-20,0.091
2012-11-19,0.091
2012-11-17,0.081
2012-11-16,0.081
2012-11-15,0.081
2012-11-14,0.106
2012-11-13,0.106
2012-11-12,0.094
2012-11-10,0.094
2012-11-09,0.094
2012-11-08,0.091
2012-11-07,0.099
2012-11-06,0.107
2012-11-05,0.107
2012-11-03,0.096
2012-11-02,0.096
2012-11-01,0.099
2012-10-31,0.114
2012-10-30,0.132
2012-10-29,0.129
2012-10-27,0.112
2012-10-26,0.112
2012-10-25,0.114
2012-10-24,0.112
2012-10-23,0.106
2012-10-22,0.106
2012-10-20,0.096
2012-10-19,0.096
2012-10-18,0.106
2012-10-17,0.109
2012-10-16,0.112
2012-10-15,0.112
2012-10-13,0.102
2012-10-12,0.102
2012-10-11,0.102
2012-10-10,0.102
2012-10-09,0.102
2012-10-08,0.101
2012-10-06,0.101
2012-10-05,0.101
2012-10-04,0.104
2012-10-03,0.091
2012-10-02,0.091
2012-10-01,0.086
2012-09-29,0.094
2012-09-28,0.094
2012-09-27,0.094
2012-09-26,0.106
2012-09-25,0.112
2012-09-24,0.112
2012-09-22,0.106
2012-09-21,0.106
2012-09-20,0.109
2012-09-19,0.112
2012-09-18,0.104
2012-09-17,0.106
2012-09-15,0.104
2012-09-14,0.104
2012-09-13,0.102
2012-09-12,0.102
2012-09-11,0.102
2012-09-10,0.104
2012-09-08,0.106
2012-09-07,0.106
2012-09-06,0.106
2012-09-05,0.106
2012-09-04,0.101
2012-09-03,0.091
2012-09-01,0.091
2012-08-31,0.091
2012-08-30,0.099
2012-08-29,0.101
2012-08-28,0.106
2012-08-27,0.106
2012-08-25,0.099
2012-08-24,0.099
2012-08-23,0.099
2012-08-22,0.106
2012-08-21,0.112
2012-08-20,0.106
2012-08-18,0.086
2012-08-17,0.086
2012-08-16,0.081
2012-08-15,0.086
2012-08-14,0.112
2012-08-13,0.112
2012-08-11,0.104
2012-08-10,0.104
2012-08-09,0.119
2012-08-08,0.109
2012-08-07,0.106
2012-08-06,0.101
2012-08-04,0.081
2012-08-03,0.081
2012-08-02,0.091
2012-08-01,0.096
2012-07-31,0.106
2012-07-30,0.112
2012-07-28,0.106
2012-07-27,0.106
2012-07-26,0.106
2012-07-25,0.101
2012-07-24,0.101
2012-07-23,0.101
2012-07-21,0.091
2012-07-20,0.091
2012-07-19,0.086
2012-07-18,0.091
2012-07-17,0.102
2012-07-16,0.102
2012-07-14,0.096
2012-07-13,0.096
2012-07-12,0.101
2012-07-11,0.096
2012-07-10,0.091
2012-07-09,0.091
2012-07-07,0.076
2012-07-06,0.076
2012-07-05,0.079
2012-07-04,0.086
2012-07-03,0.086
2012-07-02,0.101
2012-06-30,0.086
2012-06-29,0.086
2012-06-28,0.086
2012-06-27,0.086
2012-06-26,0.096
2012-06-25,0.096
2012-06-23,0.081
2012-06-22,0.081
2012-06-21,0.081
2012-06-20,0.086
2012-06-19,0.091
2012-06-18,0.097
2012-06-16,0.091
2012-06-15,0.091
2012-06-14,0.101
2012-06-13,0.096
2012-06-12,0.096
2012-06-11,0.091
2012-06-09,0.084
2012-06-08,0.084
2012-06-07,0.086
2012-06-06,0.086
2012-06-05,0.081
2012-06-04,0.081
2012-06-02,0.068
2012-06-01,0.069
2012-05-31,0.071
2012-05-30,0.071
2012-05-29,0.086
2012-05-28,0.086
2012-05-26,0.086
2012-05-25,0.086
2012-05-24,0.097
2012-05-23,0.086
2012-05-22,0.091
2012-05-21,0.086
2012-05-19,0.081
2012-05-18,0.081
2012-05-17,0.097
2012-05-16,0.097
2012-05-15,0.097
2012-05-14,0.099
2012-05-12,0.094
2012-05-11,0.094
2012-05-10,0.097
2012-05-09,0.094
2012-05-08,0.097
2012-05-07,0.097
2012-05-05,0.074
2012-05-04,0.074
2012-05-03,0.079
2012-05-02,0.081
2012-05-01,0.091
2012-04-30,0.097
2012-04-28,0.091
2012-04-27,0.091
2012-04-26,0.091
2012-04-25,0.091
2012-04-24,0.089
2012-04-23,0.081
2012-04-21,0.074
2012-04-20,0.074
2012-04-19,0.071
2012-04-18,0.071
2012-04-17,0.081
2012-04-16,0.081
2012-04-14,0.086
2012-04-13,0.086
2012-04-12,0.089
2012-04-11,0.089
2012-04-10,0.086
2012-04-09,0.086
2012-04-07,0.074
2012-04-06,0.074
2012-04-05,0.074
2012-04-04,0.076
2012-04-03,0.081
2012-04-02,0.079
2012-03-31,0.071
2012-03-30,0.071
2012-03-29,0.061
2012-03-28,0.081
2012-03-27,0.086
2012-03-26,0.147
2012-03-24,0.076
2012-03-23,0.076
2012-03-22,0.076
2012-03-21,0.091
2012-03-20,0.102
2012-03-19,0.097
2012-03-17,0.086
2012-03-16,0.086
2012-03-15,0.081
2012-03-14,0.086
2012-03-13,0.086
2012-03-12,0.086
2012-03-10,0.086
2012-03-09,0.086
2012-03-08,0.081
2012-03-07,0.081
2012-03-06,0.076
2012-03-05,0.081
2012-03-03,0.066
2012-03-02,0.066
2012-03-01,0.074
2012-02-29,0.081
2012-02-28,0.107
2012-02-27,0.117
2012-02-24,0.099
2012-02-23,0.094
2012-02-22,0.086
2012-02-21,0.091
2012-02-20,0.076
2012-02-17,0.081
2012-02-16,0.104
2012-02-15,0.112
2012-02-14,0.117
2012-02-13,0.102
2012-02-10,0.089
2012-02-09,0.091
2012-02-08,0.081
2012-02-07,0.081
2012-02-06,0.086
2012-02-03,0.079
2012-02-02,0.084
2012-02-01,0.061
2012-01-31,0.056
2012-01-30,0.056
2012-01-27,0.059
2012-01-26,0.051
2012-01-25,0.041
2012-01-24,0.041
2012-01-23,0.041
2012-01-20,0.046
2012-01-19,0.041
2012-01-18,0.028
2012-01-17,0.03
2012-01-16,0.028
2012-01-13,0.028
2012-01-12,0.028
2012-01-11,0.02
2012-01-10,0.015
2012-01-09,0.013
2012-01-06,0.015
2012-01-05,0.015
2012-01-04,0.015
2012-01-03,0.02
2012-01-02,0.02
2011-12-30,0.02
2011-12-29,0.01
2011-12-28,0.008
2011-12-27,0.023
2011-12-26,0.003
2011-12-23,0.002
2011-12-22,0.008
2011-12-21,0.01
2011-12-20,0.008
2011-12-19,0.005
2011-12-16,0.002
2011-12-15,0.003
2011-12-14,0.003
2011-12-13,0.01
2011-12-12,0.01
2011-12-09,0.008
2011-12-08,0.008
2011-12-07,0.008
2011-12-06,0.01
2011-12-05,0.01
2011-12-02,0.003
2011-12-01,-0.003
2011-11-30,0.008
2011-11-29,0.02
2011-11-28,0.03
2011-11-25,0.02
2011-11-24,0.023
2011-11-23,0.02
2011-11-22,0.025
2011-11-21,0.01
2011-11-18,0.008
2011-11-17,0.008
2011-11-16,0.01
2011-11-15,0.015
2011-11-14,0.01
2011-11-11,0.008
2011-11-10,0.008
2011-11-09,0.01
2011-11-08,0.01
2011-11-07,0.005
2011-11-04,0.003
2011-11-03,0.008
2011-11-02,0.008
2011-11-01,0.005
2011-10-31,-0.01
2011-10-28,0.01
2011-10-27,0.015
2011-10-26,0.018
2011-10-25,0.02
2011-10-24,0.01
2011-10-21,0.02
2011-10-20,0.018
2011-10-19,0.025
2011-10-18,0.03
2011-10-17,0.025
2011-10-14,0.02
2011-10-13,0.02
2011-10-12,0.02
2011-10-11,0.008
2011-10-10,0.01
2011-10-07,0.01
2011-10-06,0.005
2011-10-05,0.003
2011-10-04,0.008
2011-10-03,0.008
2011-09-30,0.025
2011-09-29,0.015
2011-09-28,0.01
2011-09-27,0.015
2011-09-26,0.008
2011-09-23,0.005
2011-09-22,0.005
2011-09-21,0.01
2011-09-20,0.01
2011-09-19,0.008
2011-09-16,0.003
2011-09-15,0.003
2011-09-14,0.005
2011-09-13,0.013
2011-09-12,0.01
2011-09-09,0.01
2011-09-08,0.015
2011-09-07,0.02
2011-09-06,0.02
2011-09-05,0.02
2011-09-02,0.02
2011-09-01,0.015
2011-08-31,0.015
2011-08-30,0.015
2011-08-29,0.008
2011-08-26,0.005
2011-08-25,0.005
2011-08-24,0.01
2011-08-23,0.01
2011-08-22,0.003
2011-08-19,0.008
2011-08-18,0.008
2011-08-17,0.013
2011-08-16,0.025
2011-08-15,0.008
2011-08-12,0.008
2011-08-11,0.013
2011-08-10,0.015
2011-08-09,0.036
2011-08-08,0.025
2011-08-05,0.008
2011-08-04,0.008
2011-08-03,0.028
2011-08-02,0.064
2011-08-01,0.081
2011-07-29,0.099
2011-07-28,0.076
2011-07-27,0.071
2011-07-26,0.071
2011-07-25,0.041
2011-07-22,0.035
2011-07-21,0.038
2011-07-20,0.025
2011-07-19,0.023
2011-07-18,0.01
2011-07-15,0.008
2011-07-14,0.01
2011-07-13,0.005
2011-07-12,0.03
2011-07-11,0.02
2011-07-08,0.028
2011-07-07,0.028
2011-07-06,0.01
2011-07-05,0.005
2011-07-04,0.015
2011-07-01,0.018
2011-06-30,0.02
2011-06-29,0.023
2011-06-28,0.03
2011-06-27,0.02
2011-06-24,0.018
2011-06-23,0.01
2011-06-22,0.015
2011-06-21,0.025
2011-06-20,0.023
2011-06-17,0.028
2011-06-16,0.043
2011-06-15,0.056
2011-06-14,0.053
2011-06-13,0.046
2011-06-10,0.041
2011-06-09,0.043
2011-06-08,0.041
2011-06-07,0.046
2011-06-06,0.03
2011-06-03,0.036
2011-06-02,0.041
2011-06-01,0.046
2011-05-31,0.053
2011-05-27,0.046
2011-05-26,0.051
2011-05-25,0.056
2011-05-24,0.056
2011-05-23,0.051
2011-05-20,0.046
2011-05-19,0.048
2011-05-18,0.041
2011-05-17,0.041
2011-05-16,0.025
2011-05-13,0.025
2011-05-12,0.023
2011-05-11,0.025
2011-05-10,0.033
2011-05-09,0.01
2011-05-06,0.015
2011-05-05,0.01
2011-05-04,0.03
2011-05-03,0.03
2011-05-02,0.035
2011-04-29,0.043
2011-04-28,0.043
2011-04-27,0.061
2011-04-26,0.066
2011-04-25,0.053
2011-04-21,0.058
2011-04-20,0.066
2011-04-19,0.061
2011-04-18,0.061
2011-04-15,0.069
2011-04-14,0.071
2011-04-13,0.056
2011-04-12,0.051
2011-04-11,0.041
2011-04-08,0.041
2011-04-07,0.041
2011-04-06,0.066
2011-04-05,0.071
2011-04-04,0.041
2011-04-01,0.063
2011-03-31,0.094
2011-03-30,0.094
2011-03-29,0.099
2011-03-28,0.086
2011-03-25,0.089
2011-03-24,0.086
2011-03-23,0.112
2011-03-22,0.101
2011-03-21,0.076
2011-03-18,0.071
2011-03-17,0.081
2011-03-16,0.096
2011-03-15,0.101
2011-03-14,0.084
2011-03-11,0.076
2011-03-10,0.073
2011-03-09,0.101
2011-03-08,0.112
2011-03-07,0.112
2011-03-04,0.119
2011-03-03,0.129
2011-03-02,0.129
2011-03-01,0.14
2011-02-28,0.142
2011-02-25,0.132
2011-02-24,0.124
2011-02-23,0.122
2011-02-22,0.112
2011-02-21,0.096
2011-02-18,0.096
2011-02-17,0.096
2011-02-16,0.114
2011-02-15,0.129
2011-02-14,0.117
2011-02-11,0.119
2011-02-10,0.117
2011-02-09,0.137
2011-02-08,0.152
2011-02-07,0.15
2011-02-04,0.152
2011-02-03,0.152
2011-02-02,0.157
2011-02-01,0.157
2011-01-31,0.152
2011-01-28,0.147
2011-01-27,0.147
2011-01-26,0.162
2011-01-25,0.157
2011-01-24,0.157
2011-01-21,0.157
2011-01-20,0.162
2011-01-19,0.162
2011-01-18,0.152
2011-01-17,0.152
2011-01-14,0.152
2011-01-13,0.147
2011-01-12,0.15
2011-01-11,0.152
2011-01-10,0.142
2011-01-07,0.142
2011-01-06,0.147
2011-01-05,0.142
2011-01-04,0.142
2011-01-03,0.124
2010-12-31,0.127
2010-12-30,0.117
2010-12-29,0.132
2010-12-28,0.147
2010-12-27,0.134
2010-12-24,0.137
2010-12-23,0.14
2010-12-22,0.137
2010-12-21,0.142
2010-12-20,0.106
2010-12-17,0.109
2010-12-16,0.132
2010-12-15,0.145
2010-12-14,0.145
2010-12-13,0.127
2010-12-10,0.122
2010-12-09,0.142
2010-12-08,0.142
2010-12-07,0.147
2010-12-06,0.129
2010-12-03,0.14
2010-12-02,0.152
2010-12-01,0.165
2010-11-30,0.167
2010-11-29,0.162
2010-11-26,0.16
2010-11-24,0.183
2010-11-23,0.152
2010-11-22,0.132
2010-11-19,0.137
2010-11-18,0.14
2010-11-17,0.142
2010-11-16,0.142
2010-11-15,0.134
2010-11-12,0.132
2010-11-11,0.132
2010-11-10,0.132
2010-11-09,0.132
2010-11-08,0.124
2010-11-05,0.122
2010-11-04,0.122
2010-11-03,0.127
2010-11-02,0.132
2010-11-01,0.114
2010-10-29,0.119
2010-10-28,0.132
2010-10-27,0.137
2010-10-26,0.137
2010-10-25,0.122
2010-10-22,0.127
2010-10-21,0.129
2010-10-20,0.14
2010-10-19,0.142
2010-10-18,0.142
2010-10-15,0.142
2010-10-14,0.142
2010-10-13,0.137
2010-10-12,0.122
2010-10-08,0.122
2010-10-07,0.122
2010-10-06,0.122
2010-10-05,0.119
2010-10-04,0.155
2010-10-01,0.157
2010-09-30,0.162
2010-09-29,0.162
2010-09-28,0.157
2010-09-27,0.137
2010-09-24,0.147
2010-09-23,0.157
2010-09-22,0.16
2010-09-21,0.162
2010-09-20,0.157
2010-09-17,0.155
2010-09-16,0.157
2010-09-15,0.16
2010-09-14,0.152
2010-09-13,0.145
2010-09-10,0.14
2010-09-09,0.142
2010-09-08,0.137
2010-09-07,0.132
2010-09-03,0.132
2010-09-02,0.134
2010-09-01,0.137
2010-08-31,0.142
2010-08-30,0.137
2010-08-27,0.147
2010-08-26,0.152
2010-08-25,0.157
2010-08-24,0.162
2010-08-23,0.157
2010-08-20,0.152
2010-08-19,0.152
2010-08-18,0.157
2010-08-17,0.162
2010-08-16,0.157
2010-08-13,0.155
2010-08-12,0.155
2010-08-11,0.152
2010-08-10,0.157
2010-08-09,0.145
2010-08-06,0.145
2010-08-05,0.15
2010-08-04,0.155
2010-08-03,0.16
2010-08-02,0.147
2010-07-30,0.147
2010-07-29,0.152
2010-07-28,0.155
2010-07-27,0.157
2010-07-26,0.155
2010-07-23,0.152
2010-07-22,0.152
2010-07-21,0.157
2010-07-20,0.157
2010-07-19,0.152
2010-07-16,0.152
2010-07-15,0.152
2010-07-14,0.152
2010-07-13,0.157
2010-07-12,0.152
2010-07-09,0.152
2010-07-08,0.152
2010-07-07,0.165
2010-07-06,0.167
2010-07-02,0.17
2010-07-01,0.172
2010-06-30,0.177
2010-06-29,0.167
2010-06-28,0.142
2010-06-25,0.134
2010-06-24,0.129
2010-06-23,0.129
2010-06-22,0.132
2010-06-21,0.114
2010-06-18,0.101
2010-06-17,0.096
2010-06-16,0.096
2010-06-15,0.089
2010-06-14,0.061
2010-06-11,0.079
2010-06-10,0.089
2010-06-09,0.099
2010-06-08,0.119
2010-06-07,0.117
2010-06-04,0.129
2010-06-03,0.145
2010-06-02,0.152
2010-06-01,0.152
2010-05-28,0.162
2010-05-27,0.167
2010-05-26,0.167
2010-05-25,0.167
2010-05-24,0.157
2010-05-21,0.162
2010-05-20,0.162
2010-05-19,0.17
2010-05-18,0.172
2010-05-17,0.157
2010-05-14,0.152
2010-05-13,0.162
2010-05-12,0.157
2010-05-11,0.157
2010-05-10,0.152
2010-05-07,0.127
2010-05-06,0.114
2010-05-05,0.155
2010-05-04,0.17
2010-05-03,0.167
2010-04-30,0.165
2010-04-29,0.167
2010-04-28,0.162
2010-04-27,0.152
2010-04-26,0.157
2010-04-23,0.157
2010-04-22,0.157
2010-04-21,0.155
2010-04-20,0.152
2010-04-19,0.152
2010-04-16,0.157
2010-04-15,0.16
2010-04-14,0.16
2010-04-13,0.157
2010-04-12,0.142
2010-04-09,0.157
2010-04-08,0.162
2010-04-07,0.167
2010-04-06,0.172
2010-04-05,0.167
2010-04-02,0.167
2010-04-01,0.162
2010-03-31,0.157
2010-03-30,0.155
2010-03-29,0.132
2010-03-26,0.14
2010-03-25,0.137
2010-03-24,0.142
2010-03-23,0.137
2010-03-22,0.142
2010-03-19,0.157
2010-03-18,0.155
2010-03-17,0.155
2010-03-16,0.162
2010-03-15,0.152
2010-03-12,0.15
2010-03-11,0.152
2010-03-10,0.152
2010-03-09,0.157
2010-03-08,0.152
2010-03-05,0.152
2010-03-04,0.142
2010-03-03,0.142
2010-03-02,0.132
2010-03-01,0.127
2010-02-26,0.124
2010-02-25,0.122
2010-02-24,0.117
2010-02-23,0.117
2010-02-22,0.094
2010-02-19,0.106
2010-02-18,0.101
2010-02-17,0.099
2010-02-16,0.094
2010-02-12,0.096
2010-02-11,0.101
2010-02-10,0.106
2010-02-09,0.109
2010-02-08,0.099
2010-02-05,0.094
2010-02-04,0.091
2010-02-03,0.101
2010-02-02,0.099
2010-02-01,0.091
2010-01-29,0.076
2010-01-28,0.079
2010-01-27,0.076
2010-01-26,0.071
2010-01-25,0.051
2010-01-22,0.051
2010-01-21,0.051
2010-01-20,0.053
2010-01-19,0.058
2010-01-15,0.061
2010-01-14,0.053
2010-01-13,0.056
2010-01-12,0.048
2010-01-11,0.033
2010-01-08,0.051
2010-01-07,0.053
2010-01-06,0.056
2010-01-05,0.066
2010-01-04,0.063
2009-12-31,0.061
2009-12-30,0.043
2009-12-29,0.101
2009-12-28,0.063
2009-12-24,0.048
2009-12-23,0.066
2009-12-22,0.076
2009-12-21,0.051
2009-12-18,0.046
2009-12-17,0.043
2009-12-16,0.041
2009-12-15,0.046
2009-12-14,0.03
2009-12-11,0.025
2009-12-10,0.028
2009-12-09,0.033
2009-12-08,0.025
2009-12-07,0.023
2009-12-04,0.051
2009-12-03,0.048
2009-12-02,0.046
2009-12-01,0.056
2009-11-30,0.056
2009-11-27,0.028
2009-11-25,0.046
2009-11-24,0.046
2009-11-23,0.025
2009-11-20,0.02
2009-11-19,0.02
2009-11-18,0.03
2009-11-17,0.063
2009-11-16,0.058
2009-11-13,0.063
2009-11-12,0.063
2009-11-10,0.066
2009-11-09,0.053
2009-11-06,0.056
2009-11-05,0.041
2009-11-04,0.051
2009-11-03,0.053
2009-11-02,0.051
2009-10-30,0.051
2009-10-29,0.058
2009-10-28,0.071
2009-10-27,0.076
2009-10-26,0.056
2009-10-23,0.061
2009-10-22,0.053
2009-10-21,0.071
2009-10-20,0.084
2009-10-19,0.068
2009-10-16,0.066
2009-10-15,0.063
2009-10-14,0.061
2009-10-13,0.066
2009-10-09,0.071
2009-10-08,0.066
2009-10-07,0.086
2009-10-06,0.076
2009-10-05,0.096
2009-10-02,0.099
2009-10-01,0.101
2009-09-30,0.127
2009-09-29,0.127
2009-09-28,0.099
2009-09-25,0.101
2009-09-24,0.096
2009-09-23,0.101
2009-09-22,0.106
2009-09-21,0.094
2009-09-18,0.086
2009-09-17,0.099
2009-09-16,0.117
2009-09-15,0.134
2009-09-14,0.137
2009-09-11,0.142
2009-09-10,0.145
2009-09-09,0.147
2009-09-08,0.134
2009-09-04,0.137
2009-09-03,0.137
2009-09-02,0.137
2009-09-01,0.142
2009-08-31,0.142
2009-08-28,0.14
2009-08-27,0.147
2009-08-26,0.157
2009-08-25,0.165
2009-08-24,0.162
2009-08-21,0.167
2009-08-20,0.165
2009-08-19,0.167
2009-08-18,0.185
2009-08-17,0.177
2009-08-14,0.175
2009-08-13,0.175
2009-08-12,0.183
2009-08-11,0.188
2009-08-10,0.167
2009-08-07,0.177
2009-08-06,0.175
2009-08-05,0.183
2009-08-04,0.185
2009-08-03,0.193
2009-07-31,0.185
2009-07-30,0.185
2009-07-29,0.203
2009-07-28,0.198
2009-07-27,0.193
2009-07-24,0.188
2009-07-23,0.188
2009-07-22,0.188
2009-07-21,0.188
2009-07-20,0.172
2009-07-17,0.172
2009-07-16,0.172
2009-07-15,0.183
2009-07-14,0.183
2009-07-13,0.183
2009-07-10,0.177
2009-07-09,0.183
2009-07-08,0.185
2009-07-07,0.188
2009-07-06,0.162
2009-07-02,0.162
2009-07-01,0.172
2009-06-30,0.193
2009-06-29,0.183
2009-06-26,0.188
2009-06-25,0.172
2009-06-24,0.198
2009-06-23,0.205
2009-06-22,0.193
2009-06-19,0.18
2009-06-18,0.177
2009-06-17,0.172
2009-06-16,0.175
2009-06-15,0.162
2009-06-12,0.172
2009-06-11,0.177
2009-06-10,0.177
2009-06-09,0.183
2009-06-08,0.18
2009-06-05,0.19
2009-06-04,0.15
2009-06-03,0.132
2009-06-02,0.134
2009-06-01,0.099
2009-05-29,0.137
2009-05-28,0.145
2009-05-27,0.162
2009-05-26,0.177
2009-05-22,0.183
2009-05-21,0.183
2009-05-20,0.183
2009-05-19,0.183
2009-05-18,0.172
2009-05-15,0.165
2009-05-14,0.162
2009-05-13,0.177
2009-05-12,0.188
2009-05-11,0.17
2009-05-08,0.18
2009-05-07,0.188
2009-05-06,0.188
2009-05-05,0.193
2009-05-04,0.188
2009-05-01,0.155
2009-04-30,0.132
2009-04-29,0.101
2009-04-28,0.127
2009-04-27,0.096
2009-04-24,0.106
2009-04-23,0.106
2009-04-22,0.137
2009-04-21,0.152
2009-04-20,0.132
2009-04-17,0.142
2009-04-16,0.137
2009-04-15,0.152
2009-04-14,0.177
2009-04-13,0.177
2009-04-09,0.188
2009-04-08,0.183
2009-04-07,0.198
2009-04-06,0.193
2009-04-03,0.208
2009-04-02,0.213
2009-04-01,0.208
2009-03-31,0.208
2009-03-30,0.142
2009-03-27,0.137
2009-03-26,0.147
2009-03-25,0.193
2009-03-24,0.213
2009-03-23,0.208
2009-03-20,0.208
2009-03-19,0.198
2009-03-18,0.208
2009-03-17,0.238
2009-03-16,0.233
2009-03-13,0.208
2009-03-12,0.203
2009-03-11,0.228
2009-03-10,0.243
2009-03-09,0.213
2009-03-06,0.208
2009-03-05,0.183
2009-03-04,0.254
2009-03-03,0.264
2009-03-02,0.243
2009-02-27,0.254
2009-02-26,0.274
2009-02-25,0.304
2009-02-24,0.299
2009-02-23,0.279
2009-02-20,0.274
2009-02-19,0.31
2009-02-18,0.315
2009-02-17,0.299
2009-02-13,0.304
2009-02-12,0.299
2009-02-11,0.32
2009-02-10,0.32
2009-02-09,0.284
2009-02-06,0.294
2009-02-05,0.294
2009-02-04,0.304
2009-02-03,0.32
2009-02-02,0.264
2009-01-30,0.243
2009-01-29,0.228
2009-01-28,0.183
2009-01-27,0.142
2009-01-26,0.117
2009-01-23,0.101
2009-01-22,0.106
2009-01-21,0.122
2009-01-20,0.117
2009-01-16,0.117
2009-01-15,0.106
2009-01-14,0.106
2009-01-13,0.117
2009-01-12,0.066
2009-01-09,0.066
2009-01-08,0.081
2009-01-07,0.101
2009-01-06,0.137
2009-01-05,0.091
2009-01-02,0.081
2008-12-31,0.127
2008-12-30,0.081
2008-12-29,0.02
2008-12-26,0.02
2008-12-24,0.015
2008-12-23,0.015
2008-12-22,0.015
2008-12-19,0.02
2008-12-18,0.005
2008-12-17,0.005
2008-12-16,0.015
2008-12-15,0.025
2008-12-12,0.036
2008-12-11,0.005
2008-12-10,0.015
2008-12-09,0.03
2008-12-08,0.008
2008-12-05,0.025
2008-12-04,0.018
2008-12-03,0.015
2008-12-02,0.035
2008-12-01,0.025
2008-11-28,0.036
2008-11-26,0.071
2008-11-25,0.122
2008-11-24,0.025
2008-11-21,0.03
2008-11-20,0.02
2008-11-19,0.061
2008-11-18,0.132
2008-11-17,0.101
2008-11-14,0.122
2008-11-13,0.198
2008-11-12,0.147
2008-11-10,0.223
2008-11-07,0.284
2008-11-06,0.304
2008-11-05,0.406
2008-11-04,0.487
2008-11-03,0.452
2008-10-31,0.442
2008-10-30,0.36
2008-10-29,0.553
2008-10-28,0.777
2008-10-27,0.752
2008-10-24,0.879
2008-10-23,0.976
2008-10-22,1.032
2008-10-21,1.088
2008-10-20,1.093
2008-10-17,0.808
2008-10-16,0.497
2008-10-15,0.228
2008-10-14,0.269
2008-10-10,0.233
2008-10-09,0.513
2008-10-08,0.563
2008-10-07,0.701
2008-10-06,0.447
2008-10-03,0.508
2008-10-02,0.701
2008-10-01,0.798
2008-09-30,0.91
2008-09-29,0.132
2008-09-26,0.843
2008-09-25,0.782
2008-09-24,0.457
2008-09-23,0.803
2008-09-22,0.904
2008-09-19,1.006
2008-09-18,0.228
2008-09-17,0.041
2008-09-16,0.696
2008-09-15,0.792
2008-09-12,1.47
2008-09-11,1.629
2008-09-10,1.634
2008-09-09,1.654
2008-09-08,1.695
2008-09-05,1.756
2008-09-04,1.675
2008-09-03,1.706
2008-09-02,1.669
2008-08-29,1.726
2008-08-28,1.736
2008-08-27,1.654
2008-08-26,1.695
2008-08-25,1.68
2008-08-22,1.71
2008-08-21,1.711
2008-08-20,1.695
2008-08-19,1.803
2008-08-18,1.777
2008-08-15,1.848
2008-08-14,1.864
2008-08-13,1.849
2008-08-12,1.854
2008-08-11,1.797
2008-08-08,1.685
2008-08-07,1.68
2008-08-06,1.634
2008-08-05,1.736
2008-08-04,1.71
2008-08-01,1.659
2008-07-31,1.67
2008-07-30,1.7
2008-07-29,1.721
2008-07-28,1.695
2008-07-25,1.741
2008-07-24,1.634
2008-07-23,1.547
2008-07-22,1.552
2008-07-21,1.424
2008-07-18,1.475
2008-07-17,1.389
2008-07-16,1.363
2008-07-15,1.409
2008-07-14,1.455
2008-07-11,1.577
2008-07-10,1.67
2008-07-09,1.803
2008-07-08,1.905
2008-07-07,1.812
2008-07-03,1.853
2008-07-02,1.808
2008-07-01,1.864
2008-06-30,1.72
2008-06-27,1.639
2008-06-26,1.711
2008-06-25,1.803
2008-06-24,1.859
2008-06-23,1.894
2008-06-20,1.869
2008-06-19,1.915
2008-06-18,1.92
2008-06-17,1.982
2008-06-16,1.945
2008-06-13,1.992
2008-06-12,2.007
2008-06-11,1.931
2008-06-10,2.013
2008-06-09,1.899
2008-06-06,1.843
2008-06-05,1.859
2008-06-04,1.854
2008-06-03,1.854
2008-06-02,1.833
2008-05-30,1.905
2008-05-29,1.879
2008-05-28,1.9
2008-05-27,1.915
2008-05-23,1.858
2008-05-22,1.869
2008-05-21,1.869
2008-05-20,1.849
2008-05-19,1.858
2008-05-16,1.838
2008-05-15,1.843
2008-05-14,1.818
2008-05-13,1.957
2008-05-12,1.817
2008-05-09,1.689
2008-05-08,1.659
2008-05-07,1.685
2008-05-06,1.633
2008-05-05,1.582
2008-05-02,1.525
2008-05-01,1.408
2008-04-30,1.352
2008-04-29,1.485
2008-04-28,1.387
2008-04-25,1.367
2008-04-24,1.26
2008-04-23,1.219
2008-04-22,1.295
2008-04-21,1.321
2008-04-18,1.341
2008-04-17,1.285
2008-04-16,1.122
2008-04-15,1.168
2008-04-14,1.065
2008-04-11,1.203
2008-04-10,1.213
2008-04-09,1.3
2008-04-08,1.372
2008-04-07,1.392
2008-04-04,1.254
2008-04-03,1.306
2008-04-02,1.357
2008-04-01,1.336
2008-03-31,1.264
2008-03-28,1.29
2008-03-27,1.173
2008-03-26,1.203
2008-03-25,0.973
2008-03-24,0.514
2008-03-20,0.519
2008-03-19,0.55
2008-03-18,0.749
2008-03-17,0.626
2008-03-14,1.111
2008-03-13,1.29
2008-03-12,1.382
2008-03-11,1.331
2008-03-10,1.31
2008-03-07,1.27
2008-03-06,1.346
2008-03-05,1.49
2008-03-04,1.577
2008-03-03,1.612
2008-02-29,1.766
2008-02-28,1.808
2008-02-27,1.905
2008-02-26,2.055
2008-02-25,2.161
2008-02-22,2.161
2008-02-21,2.182
2008-02-20,2.198
2008-02-19,2.207
2008-02-15,2.177
2008-02-14,2.254
2008-02-13,2.224
2008-02-12,2.26
2008-02-11,2.181
2008-02-08,2.253
2008-02-07,2.049
2008-02-06,2.064
2008-02-05,2.157
2008-02-04,2.105
2008-02-01,1.905
2008-01-31,1.849
2008-01-30,2.069
2008-01-29,2.188
2008-01-28,2.243
2008-01-25,2.202
2008-01-24,2.177
2008-01-23,1.987
2008-01-22,2.258
2008-01-18,2.83
2008-01-17,2.98
2008-01-16,3.094
2008-01-15,3.135
2008-01-14,3.077
2008-01-11,3.072
2008-01-10,3.176
2008-01-09,3.177
2008-01-08,3.213
2008-01-07,3.191
2008-01-04,3.17
2008-01-03,3.202
2008-01-02,3.239
2007-12-31,3.128
2007-12-28,3.093
2007-12-27,3.089
2007-12-26,3.285
2007-12-24,2.953
2007-12-21,2.948
2007-12-20,2.759
2007-12-19,2.877
2007-12-18,3.012
2007-12-17,2.861
2007-12-14,2.856
2007-12-13,2.738
2007-12-12,2.805
2007-12-11,2.898
2007-12-10,2.984
2007-12-07,3.01
2007-12-06,2.934
2007-12-05,3.042
2007-12-04,3.007
2007-12-03,2.984
2007-11-30,2.959
2007-11-29,2.877
2007-11-28,3.016
2007-11-27,3.089
2007-11-26,3.093
2007-11-23,3.108
2007-11-21,2.99
2007-11-20,3.218
2007-11-19,3.351
2007-11-16,3.305
2007-11-15,3.249
2007-11-14,3.383
2007-11-13,3.17
2007-11-09,3.036
2007-11-08,3.295
2007-11-07,3.419
2007-11-06,3.71
2007-11-05,3.532
2007-11-02,3.501
2007-11-01,3.755
2007-10-31,3.828
2007-10-30,3.943
2007-10-29,3.93
2007-10-26,3.915
2007-10-25,3.838
2007-10-24,3.766
2007-10-23,3.958
2007-10-22,3.79
2007-10-19,3.806
2007-10-18,3.698
2007-10-17,3.942
2007-10-16,4.228
2007-10-15,4.179
2007-10-12,4.096
2007-10-11,4.035
2007-10-10,4.036
2007-10-09,3.96
2007-10-05,3.909
2007-10-04,3.931
2007-10-03,3.932
2007-10-02,3.912
2007-10-01,3.78
2007-09-28,3.672
2007-09-27,3.61
2007-09-26,3.683
2007-09-25,3.751
2007-09-24,3.754
2007-09-21,3.697
2007-09-20,3.678
2007-09-19,3.896
2007-09-18,3.994
2007-09-17,3.945
2007-09-14,3.956
2007-09-13,3.921
2007-09-12,3.984
2007-09-11,3.907
2007-09-10,3.883
2007-09-07,3.956
2007-09-06,4.274
2007-09-05,4.248
2007-09-04,4.199
2007-08-31,3.862
2007-08-30,3.59
2007-08-29,3.859
2007-08-28,4.171
2007-08-27,4.236
2007-08-24,3.927
2007-08-23,3.575
2007-08-22,3.559
2007-08-21,2.893
2007-08-20,2.464
2007-08-17,3.713
2007-08-16,3.367
2007-08-15,4.015
2007-08-14,4.571
2007-08-13,4.527
2007-08-10,4.532
2007-08-09,4.747
2007-08-08,4.919
2007-08-07,4.894
2007-08-06,4.807
2007-08-03,4.812
2007-08-02,4.872
2007-08-01,4.872
2007-07-31,4.92
2007-07-30,4.833
2007-07-27,4.833
2007-07-26,4.892
2007-07-25,4.971
2007-07-24,4.993
2007-07-23,4.957
2007-07-20,4.953
2007-07-19,4.945
2007-07-18,4.935
2007-07-17,4.925
2007-07-16,4.926
2007-07-13,4.948
2007-07-12,4.939
2007-07-11,4.93
2007-07-10,4.915
2007-07-09,4.9
2007-07-06,4.922
2007-07-05,4.929
2007-07-03,4.898
2007-07-02,4.791
2007-06-29,4.757
2007-06-28,4.757
2007-06-27,4.758
2007-06-26,4.8
2007-06-25,4.703
2007-06-22,4.682
2007-06-21,4.674
2007-06-20,4.669
2007-06-19,4.597
2007-06-18,4.5
2007-06-15,4.553
2007-06-14,4.632
2007-06-13,4.638
2007-06-12,4.701
2007-06-11,4.718
2007-06-08,4.76
2007-06-07,4.783
2007-06-06,4.779
2007-06-05,4.784
2007-06-04,4.755
2007-06-01,4.719
2007-05-31,4.71
2007-05-30,4.82
2007-05-29,4.808
2007-05-25,4.861
2007-05-24,4.876
2007-05-23,4.88
2007-05-22,4.867
2007-05-21,4.804
2007-05-18,4.768
2007-05-17,4.723
2007-05-16,4.724
2007-05-15,4.792
2007-05-14,4.809
2007-05-11,4.825
2007-05-10,4.832
2007-05-09,4.848
2007-05-08,4.875
2007-05-07,4.845
2007-05-04,4.856
2007-05-03,4.869
2007-05-02,4.87
2007-05-01,4.875
2007-04-30,4.835
2007-04-27,4.913
2007-04-26,4.926
2007-04-25,4.942
2007-04-24,4.948
2007-04-23,4.954
2007-04-20,4.955
2007-04-19,4.962
2007-04-18,4.968
2007-04-17,4.979
2007-04-16,4.985
2007-04-13,4.991
2007-04-12,5.004
2007-04-11,4.999
2007-04-10,4.974
2007-04-09,5.001
2007-04-06,5.012
2007-04-05,5.007
2007-04-04,5.025
2007-04-03,5.026
2007-04-02,5.016
2007-03-30,5.017
2007-03-29,5.03
2007-03-28,5.025
2007-03-27,5.01
2007-03-26,5.043
2007-03-23,5.028
2007-03-22,5.025
2007-03-21,5.03
2007-03-20,5.031
2007-03-19,5.006
2007-03-16,5.002
2007-03-15,5.019
2007-03-14,5.041
2007-03-13,5.047
2007-03-12,5.068
2007-03-09,5.064
2007-03-08,5.076
2007-03-07,5.082
2007-03-06,5.083
2007-03-05,5.074
2007-03-02,5.09
2007-03-01,5.097
